centrality_value,avg_distance,variance
0.0001556420233463035,1.0,0.0
0.000933852140077821,1.0,0.0
0.0009961089494163425,,
0.001106787721573714,1.0,0.0
0.001245136186770428,1.0,0.0
0.2596752734521039,1.0,0.0
0.2605011183240465,,
0.2623085941624816,2.0,0.0
0.26231936393560373,1.6666666666666667,0.2222222222222222
0.2623301345931252,,
0.2639012981419068,1.0,0.0
0.26426150589467523,,
0.2642724366320137,1.0,0.0
0.2642833682736531,1.0,0.0
0.2644036760476562,,
0.2676154154316647,,
0.268143300793871,,
0.27265183408080756,,
0.27624742424833815,1.0,0.0
0.2859531140856449,1.0,0.0
0.28857499674867043,,
0.2885880314384373,1.0,0.0
0.2886010673057893,,
0.28942470795087494,,
0.28943781951687797,,
0.28945093227089946,,
0.29098011695657716,2.0,0.0
0.2909933698312791,,
0.291844072173194,1.0,0.0
0.2918574038653129,,
0.2920174792273671,,
0.2923782915987353,,
0.2923916721438636,,
0.2956798606079028,,
0.29654446173198257,,
0.2969717592272736,1.0,0.0
0.2988889608914467,1.0,0.0
0.29932304652216274,1.0,0.0
0.30015270262217253,1.0,0.0
0.301954271374619,,
0.30294217297371095,,
0.30396548018533537,,
0.30437094126128167,1.0,0.0
0.30579861331620944,1.0,0.0
0.30657631612358754,1.6666666666666667,0.2222222222222222
0.30792088428433007,1.0,0.0
0.3079505676972846,1.0,0.0
0.30820310796022976,,
0.3099073742731647,,
0.31109949983033375,1.0,0.0
0.311144951203641,,
0.31328088790897146,,
0.314421773032262,,
0.31471604492466204,,
0.3161644115209602,1.0,0.0
0.31618005780252206,1.0,0.0
0.3161957056327607,1.0,0.0
0.31627396802215557,,
0.3162896251492853,,
0.3169171839293434,1.0,0.0
0.3175156757785292,,
0.31754723797294054,,
0.31863998942773747,1.0,0.0
0.318767171981019,,
0.31891037376537706,,
0.31892629301729963,1.3333333333333333,0.22222222222222227
0.31894221385860444,,
0.31914932953771735,,
0.31916527265538835,,
0.3192769190952758,1.0,0.0
0.31929287496329656,,
0.3193088324261864,,
0.3194684948255195,1.0,0.0
0.3197722936944727,,
0.31991640018104067,,
0.32030131989850924,,
0.3203495000007804,,
0.32054236544328535,,
0.3205906180950155,1.0,0.0
0.3206710714723732,,
0.32071936288417063,,
0.3208643244282625,,
0.3209449152567219,,
0.32105781045304344,1.0,0.0
0.32117078510106895,1.0,0.0
0.3213808062382074,2.0,0.0
0.3217044525687595,,
0.3222073946248204,,
0.3222724049440385,,
0.32228866162306113,3.0,2.0
0.32230491994226723,1.0,0.0
0.3225652763172395,1.0,0.0
0.3226793145462406,1.0,0.0
0.32272821276029523,,
0.3232016606644862,1.0,0.0
0.32325071732939864,1.0,0.0
0.32354537033552255,1.0,0.0
0.3237421042825216,,
0.32379132515789394,2.0,0.0
0.32423498746590024,1.0,0.0
0.32466336846463556,1.0,0.0
0.32467986726372416,2.4,1.4400000000000004
0.32471286989304554,1.0,0.0
0.32476238641872435,1.5,0.25
0.3247788952834264,1.0,0.0
0.3248119180485798,,
0.32486146478952377,4.0,0.0
0.3249606036323465,,
0.324977132655929,,
0.3250101957480702,,
0.32502672981714215,,
0.3251094254027867,,
0.3252583835470938,,
0.32530806659957046,,
0.32534119706770365,1.0,0.0
0.3254406289738979,1.8,0.9600000000000002
0.32545720686748325,,
0.3255235353347717,1.0,0.0
0.32558989084317197,1.0,0.0
0.3260384990822395,,
0.32612171037800847,,
0.32630492482204104,,
0.32632159088899143,,
0.32633825865847194,,
0.3263549281307434,,
0.3263882721847032,4.0,0.0
0.32643830104310056,1.0,0.0
0.32658847968182614,,
0.3266218714797589,1.0,0.0
0.32675550698182193,1.0,0.0
0.3270565870496833,,
0.32710682101246996,,
0.32715707040890796,1.0,0.0
0.3273414503543173,1.0,0.0
0.3273749963115169,1.0,0.0
0.3274756754492857,1.0,0.0
0.3275092489243164,1.0,0.0
0.32752603824348,,
0.32755962204642725,,
0.3276604147913003,,
0.3276772196130662,1.0,0.0
0.3277276444224449,1.0,0.0
0.32777808475351755,2.0,1.0
0.32784536268552766,,
0.3278790120094203,1.5,0.25
0.32789583926176874,,
0.32798000143817063,,
0.32801367840720624,,
0.3280305194853193,,
0.3280979010946215,1.0,0.0
0.3281990254284463,1.0,0.0
0.3287224957818257,,
0.3287901620016243,1.0,0.0
0.3288747839612685,,
0.3289425128978821,,
0.3291119573489705,1.0,0.0
0.3291628247303227,,
0.32917978401852566,3.0,2.0
0.32919674505438806,,
0.3292137078381802,3.3333333333333335,0.8888888888888888
0.32923067237017234,1.0,0.0
0.3292476386506346,,
0.329281576458051,1.0,0.0
0.3293324962894621,,
0.329434383212105,,
0.3294683595305056,,
0.3296043349161971,,
0.32967236470668543,1.0,0.0
0.32970639013394387,1.9523809523809523,0.9977324263038547
0.3298595915130138,,
0.3299277267242739,,
0.3300299823346022,,
0.330047031099058,,
0.3300981879625711,,
0.3301152437747011,2.0,0.0
0.33014936068703826,,
0.33016642178779204,1.8,0.96
0.33057641786182873,,
0.3310731903832296,,
0.3311075055978215,,
0.3311418279265867,,
0.3312448376200521,1.0,0.0
0.33160587678494646,,
0.3317436226188049,,
0.33182977189236335,2.0,0.0
0.3319849533912998,,
0.33200220473994824,,
0.3320539695450114,,
0.3320884883837811,,
0.33215754759633814,,
0.3321920879746043,4.0,0.0
0.33220936085771446,1.0,0.0
0.33224391201328984,,
0.3323476086150418,1.0,0.0
0.33236489767547023,,
0.3323821885347812,1.0,0.0
0.3324686698244036,,
0.3326590871610728,1.0,0.0
0.3327110570231508,,
0.3329017521892228,,
0.33314477150983235,,
0.3332316501338113,,
0.3333533563610333,,
0.3334229426999042,1.0,0.0
0.33356220256946667,,
0.33357961823294335,1.0,0.0
0.33359703571509836,1.0,0.0
0.3337015788162313,1.0,0.0
0.3337538749420448,1.0,0.0
0.3338236286125484,3.0,0.0
0.33387596300248557,1.0,0.0
0.33391086171294887,,
0.3339457677198183,1.0,0.0
0.3340156016319304,,
0.3340505295417528,,
0.3341378812831737,,
0.33415535711378475,1.0,0.0
0.3341728347725071,,
0.33419031425962775,1.4,0.24000000000000005
0.3342252787202115,1.0,0.0
0.33424276369424866,1.0,0.0
0.33426025049783215,,
0.33427773913124914,1.0,0.0
0.3342952295947867,,
0.33431272188873234,3.0,0.0
0.3343302160133733,1.0,0.0
0.33436520975589096,3.0,0.0
0.3344177141070696,1.0,0.0
0.3344352192219202,,
0.3344527261694793,,
0.33447023495003475,,
0.3344877455638744,1.0,0.0
0.33455780635783444,2.3333333333333335,0.8888888888888888
0.3345753261424154,1.0,0.0
0.3345928477620091,1.0,0.0
0.33461037121690396,3.0,0.0
0.3346278965073883,,
0.3347155505037492,,
0.3347857067708847,,
0.334838343274229,,
0.3348734434726959,,
0.33503148547538353,,
0.3351369297112654,,
0.3352248506225701,,
0.3353832245677461,3.0,0.0
0.33541843910203506,,
0.33547127477109817,1.0,0.0
0.33552412708830814,1.6666666666666667,0.888888888888889
0.33554174822832644,1.0,0.0
0.33555937121930485,1.0,0.0
0.3355769960615349,1.0,0.0
0.3356651480516741,,
0.33573570299608846,2.0,0.0
0.33575334636689075,,
0.33577099159215706,,
0.3358415910437113,1.0,0.0
0.3358592455456849,1.0,0.0
0.33594754590469894,,
0.33598287905004015,,
0.3360005484099692,1.0,0.0
0.3360358927058099,,
0.33624811473162275,,
0.33631891498739613,,
0.3363366197102319,,
0.3365137695151988,,
0.33654922187186914,2.0,1.0
0.3365846816992711,3.0,2.0
0.33663788545316214,1.0,0.0
0.336691106029488,,
0.3367088499612945,,
0.33674434343622855,1.0,0.0
0.33715305688736485,,
0.3371886440793521,,
0.33734887945591446,,
0.3374201440726466,,
0.3376519621612707,2.7,1.41
0.3376698075162816,1.0,0.0
0.33768765475769363,,
0.33772335490091787,,
0.3377412078033284,,
0.33775906259333704,,
0.33790196890287516,1.0,0.0
0.3379198406947461,,
0.3380092280190225,1.0,0.0
0.33815234614245604,1.0,0.0
0.33818814461229957,1.0,0.0
0.33822395066254973,,
0.3383314143198244,2.3333333333333335,0.8888888888888888
0.33836725071579093,1.0,0.0
0.3383851717607947,1.0,0.0
0.3384030947042142,,
0.33849273790810935,1.0,0.0
0.3385106722483609,1.0,0.0
0.338618318211552,,
0.33863626586185214,,
0.33865421541479723,,
0.3386721668706898,1.0,0.0
0.33874399172978975,1.509090909090909,0.2499173553719009
0.3388338156563197,1.0,0.0
0.3388517861583433,4.0,0.0
0.3388697585666471,1.0,0.0
0.33895964921298555,1.0,0.0
0.3389776330653419,1.6666666666666667,0.2222222222222222
0.3390136064955728,,
0.33903159607405486,,
0.3390495875618533,,
0.3392115969214528,1.0,0.0
0.33930166903959447,,
0.33944588396639913,,
0.3394999961749064,,
0.33953608056627327,,
0.3395721726290494,1.0,0.0
0.339644379778617,,
0.3396804948703049,1.0,0.0
0.33975274809973754,,
0.3397708162101449,1.8,0.9600000000000002
0.3397888862423849,2.0,0.0
0.33982503207358994,,
0.3398431078731683,2.0,0.0
0.33987926524181106,,
0.33995160306563604,,
0.3400058766439021,,
0.3400239716878959,3.0,0.0
0.3400601675545861,,
0.34015069094476724,1.0,0.0
0.3401688014064298,4.0,0.0
0.34020502811584474,,
0.3402231443642134,1.0,0.0
0.3402593826498143,1.8,0.9600000000000002
0.3403681438397296,2.0,0.0
0.3404044130223008,1.0,0.0
0.34044068993528875,,
0.3404588312914614,,
0.3404769745811651,,
0.34049511980470926,2.3333333333333335,0.8888888888888888
0.3405132669624028,1.0,0.0
0.34053141605455517,1.0,0.0
0.34054956708147566,1.6818181818181819,0.21694214876033058
0.34058587494085846,,
0.34062219054302734,2.3333333333333335,0.8888888888888888
0.3406948449856324,3.0,0.0
0.34071301343939653,2.0,0.0
0.34073118383102574,,
0.3407493561608301,1.0,0.0
0.3407675304291196,,
0.34080388478239526,3.0,0.0
0.3408220648680019,,
0.340840246893335,1.0,0.0
0.34089480461079735,1.0,0.0
0.34091299439814116,2.5,1.05
0.34094937979697765,1.0,0.0
0.34098577296341803,,
0.34102217389995004,3.3333333333333335,0.22222222222222224
0.34104037728277803,2.388888888888889,0.7376543209876544
0.341076789879114,1.0,0.0
0.34109499909324453,3.0,0.0
0.3412042952211249,,
0.34124074283050604,1.0,0.0
0.3413136614143685,,
0.34135013239384326,,
0.3413866111683443,1.0,0.0
0.3414230977403711,,
0.3414778422242418,,
0.3415143483010244,2.3333333333333335,0.8888888888888888
0.34155086218408875,1.5714285714285714,0.8163265306122449
0.34156912205375906,3.0,0.0
0.34160564765094176,3.0,0.0
0.3416421810606686,3.0,0.0
0.3416787222854465,,
0.3417701095547001,1.0,0.0
0.3417883928751706,,
0.34180667815191335,,
0.3418249653852423,,
0.3418432545754716,2.0,1.0
0.34187983882788764,3.0,0.0
0.34189813389070284,,
0.3419164309116753,1.0,0.0
0.3419347298911193,3.0,2.0
0.3419530308293494,1.0,0.0
0.3420079453999017,2.7,1.41
0.34206287761085574,1.0,0.0
0.3420811922693989,,
0.3421727949879801,,
0.3421911214190758,,
0.3422094498133671,,
0.34222778017116956,3.0,0.0
0.3422644467785699,,
0.3422827830287991,,
0.34233780356939203,3.0,0.0
0.3423744937578674,1.0,0.0
0.34239284180147717,,
0.3424111918117565,1.6666666666666667,0.888888888888889
0.3424295437890215,1.0,0.0
0.3424478977335887,1.8,0.96
0.3424662536457742,2.3333333333333335,0.8888888888888888
0.3425029713742663,1.0,0.0
0.34253969697703,,
0.34255806273205536,3.0,0.0
0.3425764304565986,1.0,0.0
0.34259480015097665,,
0.34261317181550643,,
0.34263154545050484,1.0,0.0
0.34268667818148274,,
0.3427234431936254,1.0,0.0
0.3427418286580958,,
0.3427602160952556,3.0,0.0
0.34277860550542216,1.0,0.0
0.34281539024604624,2.0,1.0
0.34287058216247523,,
0.34288898341735435,1.0,0.0
0.3429073866474648,3.0,0.0
0.3429626081923648,,
0.3430178475258007,,
0.34303626459143965,3.0,0.0
0.34307310465636925,,
0.3430915276562971,1.0,0.0
0.3431099526349586,2.066666666666667,0.9955555555555554
0.3431836723433187,1.0,0.0
0.3432205440781931,,
0.3432574237369346,,
0.34329431132209787,,
0.34331275808788625,,
0.34333120683623863,3.0,0.0
0.3433681102819135,3.0,0.0
0.3434050216616804,2.0,0.0
0.3434419409780983,1.0,0.0
0.3434604036133515,1.7142857142857142,0.20408163265306126
0.3434788682337275,1.5303030303030303,0.2490817263544536
0.3434973348395465,,
0.34351580343112875,1.6666666666666667,0.2222222222222222
0.3435342740087947,1.8,0.9600000000000002
0.3435527465728646,1.0,0.0
0.34357122112365907,2.3333333333333335,0.8888888888888888
0.3435896976614985,,
0.3436081761867034,1.0,0.0
0.3436266566995947,2.4,0.8400000000000001
0.3436451392004929,1.0,0.0
0.3436636236897189,,
0.34368211016759354,,
0.3437005986344378,1.0,0.0
0.34373758153631917,3.0,0.0
0.3437745723979319,,
0.3437930708144406,,
0.34381157122184597,3.0,0.0
0.34384857801063257,,
0.34388559276686387,2.7,0.41
0.3439041031335754,3.0,0.0
0.34395964619195496,,
0.34399668486596474,2.3333333333333335,0.8888888888888888
0.3440152071944628,,
0.34403373151771927,,
0.34407078614979614,,
0.34408931645926133,1.256916996047431,0.364823696667656
0.3441449193652337,,
0.34416345766082546,3.0,0.0
0.34418199795375554,,
0.3442376308198041,,
0.34425617910531625,3.0,0.0
0.34427472938978143,,
0.34431183595686377,2.3333333333333335,0.8888888888888888
0.34433039224012746,,
0.3443675108077165,,
0.3444046373788779,1.6666666666666667,0.8888888888888891
0.3444232036666072,3.0,0.0
0.3444417719562005,,
0.34446034224798167,,
0.3444974888394028,,
0.34453464344346224,,
0.3445718060627529,,
0.3445903903789204,2.4,0.8400000000000001
0.3446089766998686,2.2,0.9600000000000004
0.34464615535740445,,
0.3446647476946412,3.0,0.0
0.3446833420379566,,
0.34470193838767543,,
0.34475773947850014,1.0,0.0
0.3447763438570808,2.4285714285714284,0.816326530612245
0.34479495024368934,1.0,0.0
0.344813558638651,1.0,0.0
0.3448321690422908,,
0.3449438736645915,,
0.345018383627582,,
0.3450556506813331,,
0.34518614879332027,1.0,0.0
0.3452047994389218,1.0,0.0
0.3452421067770217,1.8,0.9600000000000002
0.3452607634701737,,
0.34527942217982943,,
0.34541008963699865,1.0,0.0
0.3454287644904609,,
0.3454848011688511,1.0,0.0
0.3455034841020746,3.0,0.0
0.3455408560311284,,
0.3455969290861451,2.3333333333333335,0.8888888888888888
0.34561562414884583,1.0,0.0
0.3456343212342745,,
0.34565302034275935,,
0.34567172147462877,3.0,0.0
0.34569042463021127,,
0.34570912980983515,1.0,0.0
0.3457652574962422,,
0.3457839707753187,,
0.3458775675625576,1.0,0.0
0.3459150204664626,1.7555555555555555,0.940246913580247
0.3459524814823242,1.0,0.0
0.3460086882218015,3.0,0.0
0.34602742786046164,1.0,0.0
0.3461024067180696,,
0.34612115650986314,1.0,0.0
0.34615866218863106,,
0.3462524619561871,3.0,0.0
0.3462712280101655,,
0.34628999609840455,,
0.34630876622123496,2.6666666666666665,0.5555555555555555
0.34632753837898766,,
0.34636508880058353,,
0.3464026473658406,3.0,0.0
0.3464777889379373,1.0,0.0
0.34651537195007936,,
0.34653416651383434,3.0,0.0
0.3465905624398158,2.3333333333333335,0.8888888888888888
0.34660936516115465,2.3333333333333335,0.8888888888888888
0.3466281699227194,,
0.34664697672484207,,
0.3466657855678548,1.0,0.0
0.34685398632006315,,
0.34689165099443825,,
0.34692932384967223,,
0.34698584847746505,,
0.3470423915271898,,
0.3470800971325274,3.0,0.0
0.3471178109320637,,
0.3471555329284701,2.4,0.24000000000000005
0.3471932631244193,,
0.34721213129805795,,
0.3472687481256422,3.0,0.0
0.3473065029362668,,
0.34732538342025354,,
0.34734426595713624,,
0.34736315054724975,,
0.3473820371909289,,
0.3474198166403243,,
0.34745760430800327,3.0,0.0
0.3474765012245371,,
0.34749540019664765,2.5,0.5833333333333334
0.3475143012246703,1.0,0.0
0.34753320430894064,1.0,0.0
0.34758992590259313,,
0.34760883721521024,1.0,0.0
0.3476277505857535,,
0.34766558350196247,1.0,0.0
0.3476845030483002,,
0.34770342465390824,,
0.3477412740442804,,
0.3477980635827743,,
0.34781699755106776,,
0.34783593358098674,,
0.3478548716728679,,
0.34793064466675183,2.3333333333333335,0.8888888888888888
0.3479685435442277,2.0,0.0
0.3480064506789893,,
0.34804436607373557,,
0.34808228973116667,,
0.34812022165398376,1.0,0.0
0.3481961103065869,,
0.3482340670417814,3.0,0.0
0.3482910176632994,3.0,0.0
0.3483479869154116,3.0,0.0
0.3483669808078279,2.0,0.0
0.348385976771665,3.0,0.0
0.34842397491495686,,
0.3484809876740244,,
0.34849999607350485,,
0.34851900654677964,1.0,0.0
0.34859506918461175,,
0.34861409003195093,,
0.34870922541292243,3.0,0.0
0.34876633156916664,3.0,0.0
0.34878537111123287,2.3333333333333335,0.5555555555555555
0.348842502212152,,
0.34886155007183384,,
0.34888060001177107,,
0.34891870613377557,2.6666666666666665,0.22222222222222224
0.3489377623165245,1.0,0.0
0.34895682058089267,,
0.34897588092722115,,
0.348994943355851,2.3333333333333335,0.8888888888888888
0.3490140078671236,,
0.34903307446138016,2.7142857142857144,0.39455782312925164
0.3490712139002111,,
0.3490902867454685,,
0.3491284386893751,2.066666666666667,0.9955555555555554
0.3491475177887078,,
0.3491665989734159,2.8333333333333335,0.13888888888888884
0.34918568224384133,1.0,0.0
0.349204767600326,1.0,0.0
0.3492429445728416,,
0.3492620361895569,,
0.3492811298937002,,
0.3493002256856139,1.0,0.0
0.34931932356564044,1.5,0.25
0.3494339547153557,3.0,0.0
0.3494530672217669,,
0.3494721818190331,,
0.3494912985074976,2.3333333333333335,0.8888888888888888
0.3495104172875035,3.0,0.0
0.3495486611235127,1.8,0.9600000000000002
0.3495869133298076,,
0.34964430733954815,,
0.3496634428642494,,
0.349682580483584,,
0.3497208620075299,,
0.3497400059128292,,
0.34975915191413826,,
0.3497783000118014,,
0.3497974502061628,2.0,0.0
0.349816602497567,3.0,0.0
0.3498549133728816,,
0.3498740719574812,3.0,0.0
0.34989323264050187,1.0,0.0
0.34991239542228836,1.6666666666666667,0.8888888888888891
0.3499315603031857,2.5,0.5833333333333334
0.34998906754399145,3.0,0.0
0.3500082408247816,,
0.3500274162064079,3.0,0.0
0.35006577327355015,,
0.35012332463916945,1.6,0.24000000000000005
0.35014251263306645,,
0.35016170273021835,2.8333333333333335,0.13888888888888884
0.35018089493097093,1.5714285714285714,0.8163265306122449
0.35020008923567003,1.0,0.0
0.35021928564466176,2.2,0.9600000000000002
0.35025768477690716,2.4285714285714284,0.2448979591836735
0.3502768875008533,2.2,0.42666666666666664
0.3502960923304767,2.5238095238095237,0.6303854875283446
0.3503152992661237,1.0,0.0
0.35037293271267145,1.0,0.0
0.3503921480758782,,
0.35041136554684166,2.3333333333333335,0.8888888888888888
0.3504498068134257,2.6666666666666665,0.5555555555555555
0.3504690306097402,1.0,0.0
0.35050748453014946,1.0,0.0
0.35054594688991353,,
0.3506036562594284,,
0.35062289693862164,,
0.35064213972973846,,
0.35066138463312646,,
0.35068063164913355,,
0.3506998807781076,,
0.3507768984306338,3.0,0.0
0.35079615812966364,2.3333333333333335,0.8888888888888888
0.35083468387323946,2.0,0.0
0.3508732180798267,,
0.35089248835762105,1.6666666666666667,0.8888888888888891
0.3509117607522142,3.0,0.0
0.35093103526395497,2.6666666666666665,0.5555555555555555
0.3509503118931922,,
0.3509695906402749,,
0.3509888715055521,2.0476190476190474,0.9977324263038547
0.3510274395920864,,
0.351046726814042,,
0.35106601615558897,3.0,0.0
0.3510853076170768,2.0,1.0
0.351123896901273,2.0,1.0
0.3511624946694275,,
0.3512011009243384,3.0,0.0
0.3512204072352022,,
0.351259026225497,1.0,0.0
0.3512976537095488,1.0,0.0
0.35131697063760936,2.0476190476190474,0.9977324263038547
0.35133628969016023,,
0.3513556108675519,2.0,0.0
0.35139425959826004,2.4,0.8399999999999999
0.35143291683253924,2.6666666666666665,0.22222222222222224
0.3514522486393951,3.0,0.0
0.3514909186342941,3.0,0.0
0.35152959713978343,2.111111111111111,0.9876543209876547
0.3515876308615212,2.0,0.0
0.3516069796937738,2.0,1.0
0.3516456837478983,1.0,0.0
0.35168439632386,3.0,0.0
0.3517037558084093,1.0,0.0
0.351742481172405,3.0,0.0
0.3517618470525554,,
0.35180058521092256,3.0,0.0
0.35181995748984385,3.0,0.0
0.3518393319023935,3.0,0.0
0.35185870844892414,3.0,0.0
0.35189746794533844,3.0,0.0
0.3519168508959275,,
0.35199440405573046,3.0,0.0
0.3520525913607871,,
0.35207199140439543,3.0,0.0
0.3520913935862209,3.0,0.0
0.3521107979066169,,
0.35213020436593717,,
0.3521496129645353,,
0.3522661095007754,,
0.35230495880979124,3.0,0.0
0.3523438166886651,3.0,0.0
0.352363248842685,1.8,0.9600000000000002
0.352460441772801,,
0.3524798867933115,,
0.35253823473020823,2.3333333333333335,0.8888888888888888
0.35255768833547974,3.0,0.0
0.3525771440878298,2.619047619047619,0.6167800453514739
0.35259660198761394,3.0,0.0
0.3526160620351876,,
0.3526355242309065,1.4,0.6400000000000001
0.35265498857512634,,
0.3526744550682029,1.6666666666666667,0.8888888888888891
0.3527133945023498,1.0,0.0
0.35275234253619503,,
0.3527912991725877,,
0.35288872841842384,1.6666666666666667,0.2222222222222222
0.3529082207255614,1.0,0.0
0.35300571457072566,3.0,0.0
0.35304472719321234,,
0.3530642367382606,3.0,0.0
0.3530837484396554,1.0,0.0
0.3531032622977542,3.0,0.0
0.3531618168158512,1.6666666666666667,0.2222222222222222
0.353181339304343,,
0.35320086395132755,1.0,0.0
0.353220390757163,,
0.35323991972220736,1.6666666666666667,0.8888888888888888
0.35325945084681876,1.0,0.0
0.3532789841313555,1.0,0.0
0.3533375969481011,2.3333333333333335,0.8888888888888888
0.353357138875923,2.8333333333333335,0.13888888888888887
0.35341577763112975,,
0.35349399291886485,,
0.35353311354667794,,
0.3535722428342869,,
0.35365052740039654,1.0,0.0
0.3536701039587913,1.0,0.0
0.3537484318706364,3.0,0.0
0.3538072005767839,1.0,0.0
0.35382679448499554,1.8,0.9600000000000002
0.3538659888128255,,
0.3538855892331652,3.0,0.0
0.35392479658849785,,
0.35394440352421275,,
0.3539640126324412,1.6666666666666667,0.2222222222222222
0.35404247079771495,,
0.3540817129248262,1.0,0.0
0.35414059242922036,3.0,0.0
0.3541994915187695,3.0,0.0
0.3542780541208586,,
0.35429770021713325,3.0,0.0
0.3543173484924337,,
0.35443528392408546,,
0.35445494746272205,2.0,1.0
0.354474613183287,2.2,0.9600000000000002
0.35455329789209566,3.0,0.0
0.35461233435175465,,
0.3546320175408284,2.8,0.36
0.3546517029151021,1.0,0.0
0.3546910802207053,3.0,0.0
0.3547895617511974,3.0,0.0
0.3548289696776388,3.0,0.0
0.35484867692394134,,
0.35486838635945145,3.0,0.0
0.3548880979845339,,
0.35492752780487546,,
0.3549669663878862,1.0,0.0
0.35498668896630536,1.0,0.0
0.3550064137364874,,
0.35502614069879773,,
0.35506560120126507,3.0,0.0
0.35510507047663203,,
0.35520378206568987,,
0.3552827908588981,,
0.35530254854941407,1.0,0.0
0.3553618348081408,,
0.35538160129133184,3.0,0.0
0.3554013699736087,,
0.3554211408553385,,
0.3554606892186249,3.0,0.0
0.35550024638412886,1.0,0.0
0.35552002826863077,3.0,0.0
0.35555959864297204,,
0.3555991778268806,,
0.3556189707233421,,
0.35563876582329884,,
0.3556585631271189,,
0.35567836263517033,2.3333333333333335,0.8888888888888888
0.3556981643478212,3.0,0.0
0.35573777438839443,3.0,0.0
0.35579720599295894,,
0.355856657458815,,
0.35587647902944153,3.0,0.0
0.3559161287959202,2.3333333333333335,0.8888888888888888
0.3559557873984937,,
0.35599545484011613,,
0.35601529187649417,3.0,0.0
0.3560351311237428,,
0.3560946621344089,,
0.35611451022883694,1.0,0.0
0.35613436053598463,3.0,0.0
0.35619392473744577,,
0.3562137838991728,1.0,0.0
0.35625350886670926,,
0.35629324269549206,3.0,0.0
0.35633298538848657,,
0.3563528600599902,1.5,0.25
0.35641249737897823,,
0.3564721546624764,,
0.3565119372811542,,
0.35653183192051136,2.4,0.24000000000000005
0.3565517287803764,2.3333333333333335,0.8888888888888888
0.3565716278611209,3.0,0.0
0.3565915291631168,1.8,0.9600000000000002
0.3566114326867361,2.1818181818181817,0.87603305785124
0.3566512464003329,,
0.35667115659105475,,
0.3567109836422067,1.0,0.0
0.3567309005033816,,
0.35675081958878574,,
0.35679066443377244,,
0.3568105901941005,2.393939393939394,0.7539026629935722
0.3568504483922902,,
0.35687038083089784,3.0,0.0
0.35689031549634476,,
0.35691025238900415,3.0,0.0
0.3570299205373324,3.0,0.0
0.3570698277547401,1.0,0.0
0.35708978470911934,3.0,0.0
0.35712970531109917,2.6666666666666665,0.5555555555555555
0.35714966895944794,,
0.3571896029527346,3.0,0.0
0.357229545877303,3.0,0.0
0.35726949773614963,3.0,0.0
0.3573094585322725,,
0.35732944228274965,,
0.35736941649041076,,
0.3574293945742973,1.0,0.0
0.3574493917430661,,
0.3575093966770502,,
0.35752940279885637,,
0.35758943460097187,,
0.3576094496818294,3.0,0.0
0.35764948656603024,3.0,0.0
0.3576695083701262,2.5238095238095237,0.5351473922902493
0.35770955870419147,2.3333333333333335,0.8888888888888888
0.35774961800859867,2.6666666666666665,0.22222222222222224
0.35776965102562236,,
0.3577896862863619,1.0,0.0
0.3578097237911942,,
0.35786984977401914,1.0,0.0
0.35797010466245877,1.0,0.0
0.35799016238110404,1.8,0.8145454545454545
0.35803028456237396,,
0.35809048469989707,,
0.35815070508523816,3.0,0.0
0.35817078304829936,2.5,0.5833333333333334
0.3582109457286143,2.3333333333333335,0.8888888888888888
0.3582712066402492,1.0,0.0
0.3582912981166198,,
0.3583113918465349,,
0.3583515860685156,1.0,0.0
0.35843200157170063,,
0.3584521110870491,,
0.35847222285897795,,
0.35849233688786686,2.3333333333333335,0.8888888888888888
0.3585929409000148,1.0,0.0
0.3586130684786464,,
0.35863319831689944,,
0.3586533304151546,2.0,1.0
0.3586734647737924,3.0,0.0
0.35869360139319356,1.0,0.0
0.35873388141580936,,
0.35875402481978574,3.0,0.0
0.35877417048604915,,
0.35879431841498083,2.4,0.8400000000000001
0.35885477578159763,,
0.35887493276501514,2.3333333333333335,0.8888888888888888
0.35897575165836404,1.0,0.0
0.3590160950784201,,
0.35903627018912976,1.0,0.0
0.3590968091285726,,
0.35911699331209956,,
0.35917755947917496,2.3333333333333335,0.8888888888888888
0.35921794827479836,,
0.3592381460790309,1.6727272727272726,0.8747107438016528
0.3592583461547213,,
0.35927854850225294,1.0,0.0
0.35935938061845796,3.0,0.0
0.35937959433094635,,
0.35946047192615976,3.0,0.0
0.3594806970131978,,
0.35950092437629777,3.0,0.0
0.3595616201258126,1.0,0.0
0.3596020953461791,,
0.35962233637372304,,
0.3596425796800205,,
0.3597235757004428,,
0.3597640873931845,2.0,1.0
0.3597843466615364,3.0,0.0
0.35980460821172294,2.0,1.0
0.3598248720441295,3.0,0.0
0.3598451381591419,,
0.35986540655714566,1.0,0.0
0.3598856772385267,,
0.359926225452964,,
0.35996678280554195,2.6666666666666665,0.22222222222222224
0.35998706490959903,1.0,0.0
0.3600276359751811,,
0.36004792493747895,,
0.36006821618663004,3.0,0.0
0.3601291036590702,3.0,0.0
0.3601697067487211,,
0.3601900117271149,,
0.3602103189950704,,
0.36029157097025677,,
0.36033221070529375,3.0,0.0
0.3603931875008779,,
0.3604338501644795,2.0,1.0
0.36045418493740844,2.142857142857143,0.7891156462585035
0.360494861367464,,
0.3605152030253676,2.3333333333333335,0.8888888888888888
0.3605355469790398,3.0,0.0
0.3607187459358381,,
0.3607391128685881,,
0.36080022746869006,3.0,0.0
0.3608206036039738,1.0,0.0
0.3608817458210328,,
0.3609021311650887,3.0,0.0
0.36092251881231296,2.0,0.0
0.3609429087630961,2.3333333333333335,0.8888888888888888
0.36098369557690063,1.0,0.0
0.36100409244070314,2.0,0.0
0.36102449160962674,3.0,0.0
0.36110611134434883,,
0.3611265220447414,3.0,0.0
0.361146935052601,1.0,0.0
0.36116735036831904,,
0.36128989074957946,1.0,0.0
0.36131032223127096,,
0.36133075602395454,1.0,0.0
0.3613511921280224,3.0,0.0
0.36141251431245414,2.3333333333333335,0.8888888888888888
0.361432959665982,2.8,0.36
0.3614534073328561,,
0.36149430960821344,1.0,0.0
0.3615352211416684,2.0,1.0
0.36155568038116487,3.0,0.0
0.3615761419363647,2.3333333333333335,0.8888888888888888
0.36159660580766106,1.0,0.0
0.3616170719954474,2.0,1.0
0.3616375405001168,,
0.3616784844616792,2.0,1.0
0.36173991779048603,1.0,0.0
0.3617604002047202,,
0.3618013719925004,,
0.36182186136683453,,
0.3618833434163446,,
0.3619038420763319,,
0.36194484636390006,3.0,0.0
0.36198585994422455,1.0,0.0
0.36200637022015775,,
0.36202688282046486,2.1666666666666665,0.47222222222222215
0.3620473977455411,1.8,0.9600000000000002
0.3620679149957817,,
0.3621294807014433,3.0,0.0
0.3621500072562954,,
0.3621705361382895,,
0.3621910673478211,,
0.3622116008852862,1.0,0.0
0.362252674945601,,
0.362314303505476,1.0,0.0
0.36241706438343435,,
0.36243762355432063,,
0.36245818505789773,,
0.36247874889456283,,
0.3624993150647129,,
0.3625610275800456,1.0,0.0
0.3625816030881088,,
0.3626021809316438,3.0,0.0
0.3626227611110485,,
0.3626433436267206,1.0,0.0
0.36268451566845844,,
0.3627051051953201,,
0.3627462912630196,,
0.3627668878046538,,
0.36278748668534233,1.0,0.0
0.3628080879054835,,
0.36282869146547586,,
0.3628492973657181,2.0,1.0
0.3628699056066089,2.3333333333333335,0.8888888888888888
0.3629111291119321,,
0.36295236198463693,,
0.36301422886452067,1.0,0.0
0.3630348558449664,,
0.3630554851696536,,
0.36307611683898183,2.0,1.0
0.36309675085335097,,
0.36317931036923395,2.3333333333333335,0.8888888888888888
0.3632412546486761,1.0,0.0
0.3632619074377737,1.5714285714285714,0.8163265306122449
0.36328256257551395,3.0,0.0
0.36332387989852516,2.6666666666666665,0.22222222222222224
0.3633445420845976,,
0.363385873507881,,
0.3634065427458941,3.0,0.0
0.3634272143353563,,
0.36346856457023347,3.0,0.0
0.36348924321645126,2.0,1.0
0.3635306075684531,,
0.3635512932750406,,
0.3635926717513979,2.6666666666666665,0.22222222222222224
0.36365475712991996,,
0.3636961591629512,2.8333333333333335,0.13888888888888884
0.36371686371487894,2.3333333333333335,0.8888888888888888
0.3637582798915716,2.6666666666666665,0.22222222222222224
0.36377899151714194,3.0,0.0
0.36388258503335025,3.0,0.0
0.36390331081708516,,
0.3639447694682748,1.0,0.0
0.36396550233653663,,
0.3639862375671147,,
0.3640069751604127,2.466666666666667,0.7822222222222223
0.3640277151168346,3.0,0.0
0.36404845743678427,,
0.3640899491688833,,
0.364110698581841,,
0.3641314503599432,3.0,0.0
0.364172961013199,1.8,0.9600000000000002
0.3642352447417801,2.6,0.5066666666666667
0.3642975497785132,1.0,0.0
0.3643390983129313,,
0.364359876134335,3.0,0.0
0.3643806563257422,3.0,0.0
0.36440143888755855,,
0.36442222382018963,2.0,0.0
0.36444301112404104,3.0,0.0
0.3644638007995188,1.0,0.0
0.36448459284702855,1.0,0.0
0.3645261840597686,2.3333333333333335,0.6031746031746033
0.364546983225811,2.0,0.0
0.3645677847655101,,
0.3645885886792721,1.8,0.9600000000000002
0.3646093949675035,2.238095238095238,0.7528344671201813
0.3646302036306109,,
0.3646510146690009,1.0,0.0
0.36467182808308013,2.2,0.5599999999999999
0.36469264387325556,3.0,0.0
0.36471346203993404,2.1,0.69
0.36473428258352253,2.8333333333333335,0.13888888888888887
0.3647551055044282,,
0.3647759308030582,1.0,0.0
0.3647967584798198,1.0,0.0
0.3648175885351204,1.9743589743589745,0.9480604865220251
0.3648384209693675,,
0.36488009297633145,3.0,0.0
0.3649009325498637,,
0.3649217745039733,1.8571428571428572,0.6224489795918368
0.36494261883906803,3.0,0.0
0.36496346555555603,3.0,0.0
0.36498431465384545,2.6666666666666665,0.5555555555555555
0.36500516613434436,,
0.3650677348731823,1.0,0.0
0.36508859588660364,3.0,0.0
0.365109459284277,,
0.36513032506661125,2.0,0.0
0.3651511932340152,1.6666666666666667,0.2222222222222222
0.36517206378689776,2.3333333333333335,0.8888888888888888
0.3652138120507354,,
0.36523468976250867,2.0,0.0
0.3652764523478111,,
0.3652973372221592,2.6,0.6400000000000001
0.36531822448485124,,
0.3653391141362971,1.6,0.24000000000000005
0.3654017974272556,,
0.3654226966378154,3.0,0.0
0.3654435982391788,2.3333333333333335,0.5555555555555555
0.36548540861595813,3.0,0.0
0.3655272285608767,,
0.3655481421224147,2.3333333333333335,0.8888888888888888
0.3655690580772194,1.0,0.0
0.36558997642570173,1.5,0.25
0.3656108971682726,2.066666666666667,0.8622222222222221
0.365631820305343,2.3333333333333335,0.8888888888888888
0.3656527458373241,2.3333333333333335,0.8888888888888888
0.3656946040876632,2.3333333333333335,0.8888888888888888
0.365715536806844,1.0,0.0
0.3657364719225808,2.8,0.36
0.36575740943528534,,
0.3657783493453692,,
0.36579929165324426,,
0.3658202363593223,3.0,0.0
0.36584118346401534,3.0,0.0
0.36586213296773545,2.3333333333333335,0.8888888888888888
0.3658830848708947,,
0.3659040391739055,,
0.36592499587718,1.0,0.0
0.36594595498113086,2.3333333333333335,0.8888888888888888
0.36596691648617047,1.5,0.75
0.36598788039271146,1.0,0.0
0.36600884670116657,1.0,0.0
0.3660298154119487,2.6666666666666665,0.22222222222222224
0.36605078652547063,1.0,0.0
0.3660927359623862,2.8,0.36
0.36611371428660616,2.8333333333333335,0.13888888888888887
0.36613469501521856,3.0,0.0
0.36619765163154494,2.2,0.9600000000000002
0.366218641981862,,
0.36623963473863935,2.3333333333333335,0.5555555555555555
0.36626062990229097,2.0952380952380953,0.4671201814058956
0.36628162747323073,1.6666666666666667,0.2222222222222222
0.36630262745187275,1.4,0.24000000000000005
0.36632362983863104,1.0,0.0
0.36638665145174704,2.4444444444444446,0.802469135802469
0.36640766347511405,3.0,0.0
0.3664286779086696,,
0.36644969475282846,,
0.36647071400800524,,
0.36649173567461507,,
0.36655481514719246,2.6666666666666665,0.5555555555555555
0.36657584646368485,1.0,0.0
0.366617916337612,3.0,0.0
0.36663895489587767,2.1333333333333333,0.5155555555555555
0.3666599958688989,1.5714285714285714,0.8163265306122449
0.36668103925709156,,
0.3667020850608715,,
0.3667231332806546,2.9,0.09
0.36674418391685687,,
0.36678629244018396,,
0.3668073503281412,2.6666666666666665,0.22222222222222224
0.3668284106341829,,
0.3668705385021857,2.0,0.0
0.3668916060649801,,
0.36691267604752564,3.0,0.0
0.3669337484502392,1.9285714285714286,0.9948979591836731
0.36697590051783824,1.0,0.0
0.36699698018355814,1.0,0.0
0.36701806227111466,2.3333333333333335,0.2222222222222222
0.36703914678092514,1.0,0.0
0.3670602337134071,2.0,0.0
0.3670813230689781,,
0.36712350905105806,1.5,0.25
0.36714460567840274,,
0.36716570473050764,1.0,0.0
0.36718680620779104,,
0.3672501251948936,2.0,0.0
0.3672712363770731,2.3333333333333335,0.8888888888888888
0.3673134660236612,,
0.36733458448890727,2.6666666666666665,0.5555555555555555
0.3673557053826796,1.0,0.0
0.36739795445747925,3.0,0.0
0.36741908263934464,3.0,0.0
0.3674402132514127,,
0.3674613462941027,1.5714285714285714,0.8163265306122449
0.3674824817678341,2.3333333333333335,0.5555555555555555
0.3675247600100992,,
0.36754590277947213,2.6666666666666665,0.22222222222222224
0.36756704798156503,3.0,0.0
0.3675881956167979,,
0.36760934568559056,1.0,0.0
0.3676304981883632,3.0,0.0
0.367651653125536,2.5,0.5833333333333334
0.36767281049752915,1.9333333333333333,0.7288888888888888
0.36769397030476314,1.2857142857142858,0.20408163265306126
0.36771513254765836,2.5,0.25
0.3677362972266354,,
0.3677786338945178,2.1,0.69
0.3677998058842648,,
0.3678209803117769,,
0.36784215717747504,1.2857142857142858,0.20408163265306126
0.36788451822511453,,
0.36790570240789844,,
0.36792688903055365,3.0,0.0
0.3679692695971643,2.5,0.45
0.36799046354196313,,
0.36803285875665687,2.4,0.8400000000000001
0.3680540600273958,3.0,0.0
0.36807526374095884,2.7,0.41
0.3680964698977683,1.8,0.36000000000000004
0.3681176784982464,2.6666666666666665,0.5555555555555555
0.36813888954281554,2.392857142857143,0.524234693877551
0.36816010303189833,,
0.36820253734529534,3.0,0.0
0.368223758170455,2.0833333333333335,0.9097222222222222
0.3682449814418192,2.3333333333333335,0.5555555555555555
0.3682662071598112,2.8,0.36
0.3683086659373704,2.2,0.9599999999999997
0.3683298989977841,2.0,0.0
0.3683511345065185,2.0,0.0
0.368372372463997,3.0,0.0
0.3683936128706431,1.0,0.0
0.36841485572688065,2.3333333333333335,0.8888888888888888
0.36843610103313323,3.0,0.0
0.3684573487898249,1.0,0.0
0.36847859899737956,,
0.36849985165622123,,
0.3685211067667742,2.8333333333333335,0.13888888888888884
0.36854236432946264,,
0.36858488681294355,1.6,0.24000000000000005
0.36860615173458516,3.0,0.0
0.36862741911006025,3.0,0.0
0.3686486889397937,2.3333333333333335,0.5555555555555555
0.3686699612242103,1.0,0.0
0.368691235963735,3.0,0.0
0.36871251315879294,1.0,0.0
0.36873379280980917,3.0,0.0
0.36875507491720905,1.5,0.75
0.36877635948141785,3.0,0.0
0.368797646502861,1.6666666666666667,0.2222222222222222
0.3688402279191528,2.3333333333333335,0.5555555555555555
0.36886152231485275,,
0.36890411848349003,2.3333333333333335,0.8888888888888887
0.36892542025727937,,
0.36894672449128396,,
0.36896803118592997,2.0,0.0
0.36898934034164393,,
0.3690106519588521,3.0,0.0
0.36903196603798094,1.7619047619047619,0.18140589569160998
0.36905328257945724,2.4285714285714284,0.816326530612245
0.3690746015837077,3.0,0.0
0.3690959230511591,,
0.3691172469822384,2.3333333333333335,0.8888888888888888
0.36915990223698875,,
0.36920256735137613,3.0,0.0
0.3692239036070021,2.3333333333333335,0.8888888888888888
0.3692452423288195,,
0.36926658351725605,,
0.36930927329569735,2.533333333333333,0.5155555555555557
0.3693306218865578,2.0,0.0
0.3693519729457489,3.0,0.0
0.3693733264736985,2.3333333333333335,0.8888888888888888
0.3693946824708351,3.0,0.0
0.36941604093758684,1.0,0.0
0.36943740187438207,3.0,0.0
0.3694801311598175,2.0,1.0
0.36950149950931493,,
0.36952287033057046,2.6,0.64
0.36954424362401317,,
0.3695869976291759,3.0,0.0
0.36960837834175425,2.2,0.5599999999999999
0.36962976152823623,2.6666666666666665,0.5555555555555555
0.3696511471890514,1.0,0.0
0.369672535324629,3.0,0.0
0.36971531902179067,1.8,0.16
0.36973671458423407,3.0,0.0
0.36975811262315894,,
0.3697795131389955,2.0,0.0
0.36980091613217364,2.8,0.36
0.3698223216031236,3.0,0.0
0.3698437295522758,1.5714285714285714,0.8163265306122449
0.36990796827324945,3.0,0.0
0.36992938613951504,3.0,0.0
0.36995080648613576,2.0,0.6
0.36997222931354246,2.7,0.41
0.3699936546221661,2.1,0.69
0.3700365126847888,,
0.3700793806774539,,
0.37010081839863085,2.3,0.41
0.37012225860361275,2.380952380952381,0.6167800453514739
0.3701437012928315,,
0.37016514646671866,1.5714285714285714,0.24489795918367352
0.37018659412570626,3.0,0.0
0.37022949690071066,,
0.3702509520175918,,
0.3702724096213019,2.9,0.09
0.3702938697122733,,
0.3703582649130812,1.0,0.0
0.370379734957424,,
0.3704012074911916,3.0,0.0
0.370422682514817,2.0,0.0
0.37044416002873337,2.7333333333333334,0.32888888888888884
0.3704656400333738,3.0,0.0
0.3704871225291716,2.3333333333333335,0.5555555555555555
0.37050860751656023,2.6666666666666665,0.22222222222222224
0.3705300949959731,2.6666666666666665,0.22222222222222224
0.37055158496784385,2.0,0.0
0.37057307743260626,,
0.370594572390694,2.3333333333333335,0.8888888888888888
0.370616069842541,2.3333333333333335,0.8888888888888888
0.37063756978858126,,
0.37065907222924893,,
0.37068057716497815,3.0,0.0
0.37072359452335873,1.0,0.0
0.3707451069468789,3.0,0.0
0.3707666218671985,,
0.3708311816133011,,
0.3708527065251662,2.8333333333333335,0.13888888888888887
0.3708742339360054,,
0.37091729625634623,2.6666666666666665,0.22222222222222224
0.3709388311667188,3.0,0.0
0.3709603685778067,3.0,0.0
0.37098190849004553,,
0.3710249958197192,3.0,0.0
0.3710680931592266,2.0,0.0
0.3710896455837581,2.0,1.0
0.3711327579445579,,
0.37115431788169884,3.0,0.0
0.3711758803239159,,
0.3712190127253247,,
0.3712405826853901,2.6666666666666665,0.22222222222222224
0.3712621551522787,3.0,0.0
0.37128373012642746,2.0,0.0
0.37130530760827357,,
0.37132688759825433,,
0.37134847009680694,,
0.371370055104369,2.5,0.5833333333333334
0.3713916426213779,2.3333333333333335,0.5555555555555555
0.37141323264827136,2.3333333333333335,0.8888888888888888
0.37143482518548715,3.0,0.0
0.37145642023346304,2.8333333333333335,0.13888888888888887
0.37149961786344715,,
0.37152122044633157,,
0.3715428255417285,2.3333333333333335,0.8888888888888888
0.37158604327181366,1.0,0.0
0.3716508887217477,3.0,0.0
0.371672508901429,,
0.37169413159669346,1.0,0.0
0.3717373845357284,,
0.3717806475423662,,
0.3718022828221348,,
0.3718239206201225,2.1333333333333333,0.5155555555555555
0.37184556093676896,,
0.37193214739874053,,
0.37195380031527997,,
0.3719754557531185,3.0,0.0
0.37199711371269656,2.3333333333333335,0.8888888888888888
0.37206210272627327,3.0,0.0
0.3721054413521004,,
0.37212711445136953,,
0.37214879007546386,,
0.3721704682248246,,
0.37219214889989305,2.5,0.5833333333333334
0.37221383210111064,3.0,0.0
0.3722355178289189,2.6666666666666665,0.22222222222222224
0.3722788968660741,1.0,0.0
0.3723005901763046,,
0.37232228601489303,,
0.3723656852789115,,
0.3723873887052261,1.0,0.0
0.3724090946616673,3.0,0.0
0.37245251416669956,3.0,0.0
0.37247422771617583,1.0,0.0
0.37249594379754924,1.6666666666666667,0.2222222222222222
0.37251766241126255,1.0,0.0
0.37256110723748115,1.6666666666666667,0.2222222222222222
0.3725828334508726,3.0,0.0
0.3726045621983766,2.0,0.0
0.3726262934804365,3.0,0.0
0.37264802729749574,,
0.3726697636499979,3.0,0.0
0.37271324396310607,,
0.37275673442331175,,
0.37277848345968634,,
0.3728002350341676,2.3333333333333335,0.5555555555555555
0.37282198914719983,,
0.3728437457992276,,
0.3728872667220476,2.7,0.21000000000000002
0.3729090309937293,,
0.37293079780618515,,
0.37295256715986014,,
0.3729743390551993,3.0,0.0
0.37299611349264783,2.0,1.0
0.37303966999565386,1.8333333333333333,0.13888888888888887
0.3730832366724417,,
0.3731268135265762,,
0.37314860577126296,2.3333333333333335,0.8888888888888888
0.373170400561624,1.0,0.0
0.37319219789810537,,
0.37321399778115333,,
0.37323580021121416,,
0.37325760518873424,2.6666666666666665,0.22222222222222224
0.3733012227879383,,
0.3733230354105156,,
0.3733448505823388,3.0,0.0
0.37336666830385484,,
0.3733884885755107,,
0.3734103113977536,3.0,0.0
0.37343213677103065,3.0,0.0
0.37345396469578934,,
0.37347579517247703,2.533333333333333,0.648888888888889
0.3734976282015412,,
0.3735194637834296,,
0.3735413019185901,,
0.37356314260747026,2.3333333333333335,0.8888888888888888
0.3735849858505183,,
0.3736505309091505,1.9333333333333333,0.728888888888889
0.3736723843733515,,
0.37369424039396176,1.0,0.0
0.3737160989714298,,
0.37373796010620436,2.3333333333333335,0.8888888888888888
0.3737598237987343,,
0.3738254302273456,2.4,0.64
0.37389105969192205,2.6666666666666665,0.22222222222222224
0.3739129413013147,,
0.3739567122045984,,
0.37397860149938916,3.0,0.0
0.37402238777751806,,
0.37404428476175655,3.0,0.0
0.374088086422833,2.0,0.0
0.3741099911005717,,
0.37415380815270344,,
0.3741757205279979,,
0.37419763547004586,,
0.37421955297929854,2.6666666666666665,0.22222222222222224
0.37424147305620686,1.6,0.2400000000000001
0.3742633957012222,,
0.37428532091479577,,
0.3743072486973791,2.0,0.0
0.3743291790494237,,
0.37435111197138127,2.3333333333333335,0.8888888888888888
0.3743730474637035,2.0,0.0
0.3743949855268423,1.0,0.0
0.37441692616124966,1.0,0.0
0.37443886936737764,,
0.37446081514567836,1.7142857142857142,0.7040816326530612
0.3745047144206075,3.0,0.0
0.3745266679181408,1.5,0.25
0.37454862398965666,1.0,0.0
0.3745705826356079,2.3333333333333335,0.8888888888888888
0.37459254385644725,,
0.3746145076526276,,
0.3746364740246021,2.3333333333333335,0.8888888888888888
0.3746584429728238,1.0,0.0
0.3747023885998219,2.8333333333333335,0.13888888888888884
0.37474634453724937,3.0,0.0
0.374768326373508,3.0,0.0
0.37479031078873487,3.0,0.0
0.3748342873579093,1.5714285714285714,0.8163265306122449
0.37485627951276485,,
0.37487827424840486,2.6666666666666665,0.22222222222222224
0.37492227146385565,,
0.37494427394457536,2.6666666666666665,0.22222222222222224
0.3749662790078974,2.0,0.0
0.37501029688416765,,
0.3750543250963055,3.0,0.0
0.37509836364795185,3.0,0.0
0.3751424125427493,,
0.3751644408699685,3.0,0.0
0.37520850528632627,3.0,0.0
0.37523054137637657,3.0,0.0
0.37525258005494916,,
0.37527462132250006,3.0,0.0
0.3752966651794857,2.2666666666666666,0.7288888888888891
0.3753187116263622,,
0.3753628122916141,,
0.3753848665109027,,
0.37542898272508896,,
0.3754510447209005,1.5,0.25
0.3754951764922459,2.0,0.0
0.37556139360542934,2.3333333333333335,0.5555555555555555
0.3755834711666312,,
0.3756276340769924,1.6666666666666667,0.2222222222222222
0.37571599106236775,1.0,0.0
0.37573808680402043,1.3333333333333333,0.22222222222222227
0.37576018514471354,1.6,0.24000000000000005
0.37578228608490555,,
0.3758043896250552,,
0.3758264957656214,,
0.375870715849839,,
0.37589282979440863,2.7,0.21000000000000002
0.37595918724347205,,
0.376003438560238,,
0.3760477002952068,3.0,0.0
0.3761141124398401,,
0.37613625503447334,,
0.3761584002364183,,
0.37618054804613543,,
0.3762026984640855,,
0.37622485149072926,,
0.37624700712652753,2.0,0.0
0.3762691653719414,,
0.3762913262274317,,
0.37631348969345996,3.0,0.0
0.37633565577048733,3.0,0.0
0.37635782445897525,,
0.37637999575938524,1.0,0.0
0.3764021696721789,3.0,0.0
0.37642434619781795,,
0.3764465253367643,2.7,0.41
0.3764687070894799,3.0,0.0
0.3764908914564269,1.8,0.96
0.3765130784380673,1.0,0.0
0.37653526803486354,3.0,0.0
0.37657965507577296,2.3333333333333335,0.8888888888888888
0.37660185252081135,2.8,0.15999999999999998
0.3766462552623689,3.0,0.0
0.3766684605598139,1.4,0.6400000000000001
0.3766906684756538,,
0.37671287901035166,3.0,0.0
0.3767350921643708,,
0.3767573079381745,2.7,0.41
0.37677952633222644,,
0.37680174734699007,1.0,0.0
0.3768461972405075,,
0.37686842612018895,2.3333333333333335,0.8888888888888888
0.37689065762243773,,
0.37693512849649347,1.0,0.0
0.3769573678692291,3.0,0.0
0.3769796098663892,2.0,0.0
0.37700185448843826,3.0,0.0
0.3770241017358411,,
0.3770908592348205,,
0.37711311698828737,1.0,0.0
0.377135377369433,2.3333333333333335,0.8888888888888888
0.3771576403787228,2.0,0.0
0.3772244451801124,,
0.3772467187066346,3.0,0.0
0.3772689948636294,1.5,0.25
0.37729127365156273,3.0,0.0
0.3773358391221099,3.0,0.0
0.37735812580565614,2.3333333333333335,0.5555555555555555
0.37738041512200615,,
0.3774250016549837,3.0,0.0
0.3774472988725447,,
0.3774919012121456,,
0.3775142063351196,2.1,0.69
0.3775365140941656,,
0.37755882448975087,,
0.37762577150041754,2.8333333333333335,0.13888888888888884
0.37764809244683556,3.0,0.0
0.37767041603213125,2.0,0.0
0.37773740262596456,2.3333333333333335,0.8888888888888888
0.37775973677145175,,
0.37778207355815774,,
0.37782675505710017,2.0,0.0
0.3778490997702741,,
0.3778714471265415,3.0,0.0
0.37789379712637156,,
0.37793850505859594,,
0.37796086299192877,2.3333333333333335,0.8888888888888888
0.37800558679538304,3.0,0.0
0.3780279526664436,,
0.3780503211843529,,
0.37816220349307866,,
0.37820697496096395,2.3333333333333335,0.22222222222222224
0.3782293646705875,,
0.3782517570312926,2.0,1.0
0.3782965497078314,,
0.3783189500246071,2.6666666666666665,0.22222222222222224
0.3783413529943485,,
0.3784085778260817,2.3333333333333335,0.5555555555555555
0.37845340765404356,,
0.37847582655148176,,
0.37854309918328977,,
0.3785655287086309,1.0,0.0
0.3785879608921287,2.3333333333333335,0.5555555555555555
0.37861039573425564,3.0,0.0
0.3786552733962878,3.0,0.0
0.37872260984087514,,
0.3787450606447071,2.3333333333333335,0.8888888888888888
0.37876751411047926,2.3333333333333335,0.5555555555555555
0.37878997023866506,,
0.37881242902973816,,
0.37887982138501836,,
0.3789247629449952,,
0.3789697151678963,2.3333333333333335,0.5555555555555555
0.3789921952791295,,
0.379014678057517,3.0,0.0
0.3790371635035337,3.0,0.0
0.3791046358521073,,
0.3791946363591646,2.0,0.0
0.37921714316331695,2.3333333333333335,0.8888888888888888
0.37923965263937576,,
0.3792621647878169,,
0.3792846796091163,2.0,0.0
0.37930719710374994,2.5,0.25
0.379329717272194,,
0.37935224011492485,3.0,0.0
0.37937476563241873,3.0,0.0
0.3794874333580164,2.0,0.0
0.37950997493409944,3.0,0.0
0.37953251918828346,,
0.37955506612104584,,
0.37957761573286386,1.5,0.25
0.3796001680242151,,
0.37964528064742786,3.0,0.0
0.3796678409802451,3.0,0.0
0.3796904039945067,2.6666666666666665,0.22222222222222224
0.37971296969069085,,
0.37973553806927574,,
0.37975810913073965,,
0.37978068287556105,1.6666666666666667,0.2222222222222222
0.3798032593042185,,
0.37984842021495624,2.1904761904761907,0.7256235827664401
0.3798710046979941,,
0.37989359186678345,,
0.3799161817218032,,
0.37993877426353256,3.0,0.0
0.3800065680137729,2.3,0.41
0.38002917130713565,,
0.3800517772896058,,
0.38007438596166354,2.0,0.0
0.38011961137646144,,
0.38016484755537094,3.0,0.0
0.3802553522209001,,
0.38030062071521215,1.6666666666666667,0.8888888888888891
0.3803232590044386,,
0.38034589998902035,,
0.3803685436694388,,
0.38041383911971205,2.2,0.42666666666666664
0.3804364908905302,3.0,0.0
0.38045914535911174,2.6666666666666665,0.22222222222222224
0.3804818025259388,3.0,0.0
0.38050446239149327,,
0.3805271249562575,3.0,0.0
0.3805724581853445,2.1,0.69
0.38061780221705965,,
0.38066315705526477,,
0.3806858385280083,,
0.3807085227038234,3.0,0.0
0.3807312095831932,,
0.38075389916660096,3.0,0.0
0.3807765914545303,2.0,0.0
0.38079928644746475,3.0,0.0
0.380844684550284,1.0,0.0
0.3808673876611364,,
0.3808900934789295,,
0.3809128020041474,3.0,0.0
0.38095822717879463,2.3333333333333335,0.22222222222222224
0.3810036631889536,1.8333333333333333,0.13888888888888887
0.3810263852585618,1.0,0.0
0.38104911003850206,2.6666666666666665,0.22222222222222224
0.38107183752925944,1.0,0.0
0.38109456773131906,,
0.3812310059082024,,
0.381322018980338,3.0,0.0
0.3813903073075193,1.6666666666666667,0.2222222222222222
0.3814358464486904,,
0.38145862009765147,,
0.38152695736388176,,
0.3815497418940319,2.6666666666666665,0.22222222222222224
0.38157252914569784,,
0.38159531911936717,2.107142857142857,0.8099489795918368
0.3816181118155276,2.0,0.0
0.3816409072346672,2.6666666666666665,0.22222222222222224
0.38166370537727384,3.0,0.0
0.3816865062438356,,
0.38175492519213455,3.0,0.0
0.3817777369594003,3.0,0.0
0.3818233686736129,2.6666666666666665,0.22222222222222224
0.3818461886215374,,
0.38191466483445297,3.0,0.0
0.381960329288908,,
0.3820060046646077,1.8,0.36000000000000004
0.3820288464491488,1.0,0.0
0.38205169096547054,3.0,0.0
0.3820745382140631,,
0.3821202409100217,2.0,0.0
0.3821430963583686,1.6388888888888888,0.341820987654321
0.3822802864845069,,
0.38230316108278867,,
0.38234891849285246,,
0.3823946868575272,3.0,0.0
0.38246335995304187,2.6666666666666665,0.2222222222222222
0.382486256466449,1.6666666666666667,0.2222222222222222
0.3825091557214611,3.0,0.0
0.38257786994105175,2.3333333333333335,0.5555555555555555
0.38260078016740906,2.3333333333333335,0.8888888888888888
0.38262369313783473,1.0,0.0
0.3826466088528217,2.3333333333333335,0.22222222222222224
0.3826695273128632,,
0.3827153724700829,2.3333333333333335,0.8888888888888888
0.3827612286134414,1.0,0.0
0.3828070957468882,,
0.3828300334361294,3.0,0.0
0.38285297387437467,2.4,0.64
0.38287591706211804,1.0,0.0
0.3829447631272815,3.0,0.0
0.38296771731796225,,
0.38299067426061406,,
0.3830136339557319,,
0.3830365964038108,2.0,0.0
0.38305956160534593,2.3333333333333335,0.8888888888888888
0.3830825295608325,,
0.38310550027076595,3.0,0.0
0.3831284737356419,,
0.38315144995595585,,
0.38317442893220366,1.0,0.0
0.3832203951544844,,
0.38326637240645256,1.0,0.0
0.38333535897375437,2.3333333333333335,0.8888888888888888
0.3833813638173156,,
0.38340437038019465,,
0.3834964242506341,,
0.3835424677641712,,
0.3835654936672609,2.6666666666666665,0.5555555555555555
0.3835885223352284,3.0,0.0
0.3836115537685718,1.0,0.0
0.3836345879677894,3.0,0.0
0.3836576249333792,2.3333333333333335,0.8888888888888888
0.3837037071656696,,
0.38374980046943147,,
0.3837728512743611,,
0.38381896119281295,,
0.3838420203073334,1.8,0.9600000000000002
0.383865082192716,,
0.38388814684946004,3.0,0.0
0.3839112142780654,1.0,0.0
0.38398043320004593,3.0,0.0
0.3840035117210941,,
0.3840496770867735,,
0.38409585355389947,2.6666666666666665,0.22222222222222224
0.384165139078562,,
0.3842113433168299,1.6666666666666667,0.2222222222222222
0.38423444960401515,3.0,0.0
0.38425755867056977,3.0,0.0
0.3842806705169953,2.6666666666666665,0.22222222222222224
0.3843037851437933,,
0.38432690255146557,,
0.3844425313205105,2.6666666666666665,0.2222222222222222
0.38446566542397187,3.0,0.0
0.38451194198456695,1.0,0.0
0.38453508444270623,,
0.3845813777171832,3.0,0.0
0.3846045285345271,2.6666666666666665,0.22222222222222224
0.384627682139279,,
0.38465083853194243,,
0.3846739977130209,2.5,0.25
0.38472032444243776,,
0.384743491991784,,
0.38478983546227197,,
0.3848361900985161,2.0,0.0
0.3848593716050578,,
0.3849057429975037,2.0,1.0
0.38495212556579883,3.0,0.0
0.38497532104215254,,
0.384998519313984,2.6666666666666665,0.22222222222222224
0.3850217203817985,,
0.385068130907399,,
0.3850913403661964,3.0,0.0
0.38511455262299965,,
0.3851377676783148,3.0,0.0
0.38516098553264794,1.6666666666666667,0.2222222222222222
0.38518420618650534,,
0.38520742964039334,2.5,0.5833333333333334
0.3852306558948184,2.0,0.0
0.3852538849502873,3.0,0.0
0.38527711680730653,2.0,0.0
0.3853235889280239,2.6666666666666665,0.22222222222222224
0.38534682919273605,,
0.38539331813340355,,
0.3854165668103737,,
0.3854398182924448,,
0.3854630725801245,1.0,0.0
0.3854863296739209,3.0,0.0
0.3855561177970891,,
0.38557938612043235,,
0.3856492079444416,,
0.38567248750546684,2.3333333333333335,0.8888888888888888
0.3856957698771846,3.0,0.0
0.38574234305473426,,
0.3857656338615846,,
0.38578892748116445,,
0.38581222391398334,2.0,1.0
0.38583552316055103,,
0.38585882522137727,2.3333333333333335,0.22222222222222224
0.38588213009697186,,
0.38590543778784514,,
0.3859287482945071,,
0.3859520616174679,,
0.3859986967143284,2.5,0.25
0.3860220184892492,,
0.38609200072610367,1.3333333333333333,0.5555555555555556
0.38611533377745594,2.0,0.0
0.3861620083418292,2.0,0.0
0.3861853498558731,2.3333333333333335,0.22222222222222224
0.3862086941918373,,
0.38632545821837977,,
0.38634881949661753,,
0.3863721836003607,2.0,0.0
0.3863955505301218,2.3333333333333335,0.8888888888888888
0.3864189202864137,,
0.38646566828064144,3.0,0.0
0.38648904651960336,,
0.38651242758714843,,
0.38655919821004137,2.0,0.0
0.3865825877664164,2.0,0.0
0.3866293753715924,,
0.3866527734214212,,
0.3866761743034294,3.0,0.0
0.3866995780181312,2.6666666666666665,0.22222222222222224
0.38672298456604104,3.0,0.0
0.38674639394767335,,
0.38676980616354284,,
0.3868400598217222,,
0.386863483379689,,
0.38688690977446794,,
0.38691033900657446,1.0,0.0
0.38693377107652394,3.0,0.0
0.3869806437320148,,
0.3870040843185877,1.6666666666666667,0.2222222222222222
0.3870509740119685,2.3333333333333335,0.8888888888888888
0.38707442311980883,,
0.38709787506910415,,
0.38712132986037107,2.6666666666666665,0.2222222222222222
0.3871447874941261,3.0,0.0
0.3872151774554887,,
0.3872621183183152,1.5,0.25
0.38733255095577834,2.0,0.0
0.3873560341951961,2.6666666666666665,0.22222222222222224
0.3873795202822752,1.6666666666666667,0.2222222222222222
0.38740300921753357,3.0,0.0
0.38744999563466126,2.5,0.25
0.3874734931175671,2.0,0.0
0.38749699345072564,,
0.38752049663465543,2.6666666666666665,0.22222222222222224
0.38756751155690405,2.0,0.0
0.38759102329626083,3.0,0.0
0.3876145378884647,1.6,0.2400000000000001
0.38763805533403495,3.0,0.0
0.38766157563349096,2.0,1.0
0.3876850987873522,,
0.38775568538056465,2.392857142857143,0.6670918367346939
0.3878498408313947,,
0.38789693570612377,,
0.38799115977503884,2.0,0.0
0.3880382889775623,3.0,0.0
0.38808542963102494,3.0,0.0
0.3881090042531627,,
0.38817974530746485,,
0.38820333138993585,1.0,0.0
0.38832130480857985,2.0,0.0
0.3883685142553987,,
0.38839212328362094,,
0.3884393499523081,2.0,0.0
0.3884629675938204,3.0,0.0
0.3885102114938014,,
0.3885338377533182,3.0,0.0
0.38855746688655135,,
0.3885810988940253,,
0.3886047337762644,3.0,0.0
0.38867565567681983,3.0,0.0
0.38869930206336706,,
0.3887229513273037,,
0.3887702584894465,,
0.3889832832886188,,
0.38900696712223354,,
0.3891254295642587,,
0.3891491307111441,1.8,0.9600000000000002
0.38922025147825545,3.0,0.0
0.3892439641778703,,
0.3892676797669874,,
0.3892913982461348,1.0,0.0
0.38931511961584087,,
0.389433769841251,,
0.3894575085654108,,
0.38950499469704103,,
0.3895287421055703,1.5357142857142858,0.2487244897959184
0.38955249240994844,2.0,0.0
0.38957624561070514,,
0.3896000017083702,,
0.3896237607034738,3.0,0.0
0.38964752259654595,,
0.38967128738811685,,
0.38969505507871693,2.0,0.0
0.3897425991591267,,
0.38976637554999777,2.6666666666666665,0.22222222222222224
0.38979015484202084,3.0,0.0
0.3898377221316471,,
0.3899090948380059,,
0.38998049368342574,,
0.390004299109728,1.6666666666666667,0.2222222222222222
0.39005191868226885,,
0.39007573282957225,,
0.39009954988494105,,
0.39012336984890783,,
0.39014719272200565,,
0.3901710185047673,3.0,0.0
0.3901948471977259,2.0,0.0
0.3902186788014148,,
0.3903140343341416,,
0.39038558157250175,3.0,0.0
0.3904094364812444,1.0,0.0
0.3904332943055221,,
0.3904571550458696,,
0.3905048852769124,,
0.3905287547686775,2.0,0.0
0.39060038075536857,2.0,0.0
0.390648146011346,,
0.3906959229508692,,
0.3907437115782254,2.0,0.0
0.3908393239135966,2.3333333333333335,0.22222222222222224
0.39088714763019666,,
0.39091106387760427,2.0,0.0
0.3909349830517998,,
0.39095890515332055,2.0,0.0
0.3911024992663788,,
0.39115038741371155,2.3333333333333335,0.22222222222222224
0.3911743358853587,1.0,0.0
0.39122224162730784,,
0.3912701591043888,,
0.3913180883209141,,
0.39134205733281663,2.3333333333333335,0.22222222222222224
0.3914139819895585,2.066666666666667,0.5955555555555555
0.39146194645031335,,
0.39150992266778384,1.0,0.0
0.39158190904728885,2.0,0.0
0.39160591039016635,,
0.3916299146754667,,
0.39165392190373105,2.0,0.0
0.3917019451913165,2.6666666666666665,0.22222222222222224
0.39172596125172066,1.4,0.24000000000000005
0.39177400220845987,,
0.3918701194808369,,
0.3918941561685312,,
0.3919422383912376,,
0.39196628392733524,,
0.3919903324139864,,
0.3920143838517342,,
0.3920384382411219,3.0,0.0
0.3921346853259414,,
0.392158754481682,,
0.39218282659232484,,
0.392206901658414,,
0.3922309796804938,,
0.39227914459480345,,
0.3923273213396109,2.0,0.0
0.39235141414981356,,
0.39254426321059005,,
0.39256838267376737,2.8333333333333335,0.13888888888888884
0.3925925051011161,,
0.3926166304931828,3.0,0.0
0.39264075885051397,1.2857142857142858,0.20408163265306126
0.392689024463157,2.0,0.0
0.3927131617195626,,
0.39273730194342044,3.0,0.0
0.39276144513527783,,
0.392785591295682,,
0.3928338925243215,,
0.3928580475936521,,
0.39288220563372056,,
0.392906366645075,,
0.3930272162903275,,
0.39309976176801603,2.6666666666666665,0.22222222222222224
0.39312394954562907,,
0.3931481403000162,,
0.393172334031727,,
0.3931965307413111,,
0.3932207304293183,2.6666666666666665,0.22222222222222224
0.39326913874280217,2.0,0.0
0.393365991135055,,
0.3933902116874308,2.0,0.0
0.39346289124372236,,
0.3934871237307116,,
0.39351135920273245,,
0.3935355976603366,,
0.3936325813576221,,
0.39365683475142105,,
0.3937296128684023,2.0,0.0
0.3938266922280444,1.6666666666666667,0.2222222222222222
0.3938509695484875,,
0.39392381947195043,,
0.3939481087689952,2.0,0.0
0.3939966963502444,,
0.39402099463555745,,
0.3940696001983325,2.6666666666666665,0.22222222222222224
0.3941182177543374,,
0.3941425310311884,2.0,0.0
0.394191166585363,3.0,0.0
0.39421548886379737,2.6666666666666665,0.22222222222222224
0.39423981414387044,1.0,0.0
0.3942641424261379,1.4,0.24000000000000005
0.3942884737111555,3.0,0.0
0.39438582888984963,1.0,0.0
0.3945319518349737,,
0.3945563161869674,,
0.39460505391980505,3.0,0.0
0.39462942730176426,,
0.3946538036948276,3.0,0.0
0.3947025655164987,2.0,0.0
0.3947269509462229,2.0,0.0
0.3947513393892842,2.0,0.0
0.394775730846241,1.0,0.0
0.39480012531765213,,
0.39482452280407637,,
0.3948489233060728,2.6,0.24000000000000005
0.39487332682420045,2.1666666666666665,0.13888888888888887
0.39489773335901873,2.3333333333333335,0.8888888888888888
0.39492214291108696,,
0.3949709710692114,,
0.39499538967638725,2.0,0.0
0.395019811303052,,
0.3950442359497659,,
0.39506866361708903,,
0.39509309430558187,,
0.3951175280158048,2.0,0.0
0.39514196474831864,,
0.39516640450368407,1.1538461538461537,0.1301775147928994
0.39519084728246207,2.0,0.0
0.39523974191250005,,
0.3952641937648827,,
0.39528864864292296,,
0.3953620314366067,,
0.3953864984228952,,
0.3954354414814361,,
0.3954599175548133,3.0,0.0
0.395484396658345,,
0.39550887879259405,3.0,0.0
0.3955333639581232,,
0.3955578521554955,2.0,0.0
0.3955823433852742,2.0,0.0
0.3956068376480225,2.0,0.0
0.3956313349443039,2.0,0.0
0.3957538669484368,2.0,0.0
0.39577838245775654,,
0.3958029010045573,,
0.3958274225894036,,
0.3958764748754919,,
0.39592553932054064,,
0.395950076104088,,
0.3959746159290712,,
0.3961219187808025,1.7777777777777777,0.9506172839506171
0.3961464799116793,,
0.3961710440885201,,
0.39622018158236055,2.0,0.0
0.39624475490049393,2.0,0.0
0.39626933126685876,2.6666666666666665,0.22222222222222224
0.39629391068202235,2.6666666666666665,0.22222222222222224
0.39634307866101515,,
0.39636766722597955,2.6666666666666665,0.22222222222222224
0.3964414512295585,1.0,0.0
0.3964660520022069,2.3333333333333335,0.22222222222222224
0.3965891016769438,,
0.3966137207781715,3.0,0.0
0.3966629681514599,2.6666666666666665,0.22222222222222224
0.3967122277563219,2.0,0.0
0.396761499597315,2.0,0.0
0.3968107836789991,,
0.3968354303115257,2.0,0.0
0.39686008000593603,,
0.3969093885826902,,
0.3969340474661757,2.0,0.0
0.3969833744262187,,
0.39700804250391875,,
0.39710674547924446,1.0,0.0
0.3971808049245035,,
0.39723019323648123,,
0.3972548919987293,,
0.3973290067173858,,
0.3973537177694859,,
0.3973784318954822,,
0.39740314909594854,,
0.3974278693714583,2.3333333333333335,0.22222222222222224
0.39745259272258565,2.0,0.0
0.3974773191499044,,
0.3975020486539889,1.6666666666666667,0.2222222222222222
0.39752678123541335,,
0.39755151689475227,2.0,0.0
0.3976752413802791,,
0.3977247527400127,1.0,0.0
0.3977495130433645,1.0,0.0
0.3977742764298073,,
0.3977990428999168,,
0.39782381245426923,,
0.39787336081800745,,
0.39789813962854603,1.0,0.0
0.3979477065098452,,
0.3979724945817593,3.0,0.0
0.39802207999100203,2.0,0.0
0.398071677757979,2.0,0.0
0.39817091038361985,1.0,0.0
0.39819572627083605,1.8,0.36000000000000004
0.398220545251531,,
0.39824536732628335,1.0,0.0
0.39827019249567164,2.0,0.0
0.39831985212067106,,
0.3983446865774402,3.0,0.0
0.3983695241311612,2.0,0.0
0.3983943647824134,2.0,0.0
0.3984937583743257,2.0,0.0
0.3985683361207464,,
0.3985932015731215,1.0,0.0
0.39871757538789093,2.0,0.0
0.3987673466493299,,
0.39881713033805016,,
0.3988420268440954,2.6666666666666665,0.22222222222222224
0.39889182918246635,,
0.39894164395976045,,
0.39896655601446007,,
0.3990163894588786,,
0.3990662353538766,2.0,0.0
0.39909116297180114,2.1666666666666665,0.47222222222222215
0.3991160937041207,,
0.3991909045932873,,
0.3992158477890255,1.5,0.25
0.3992657435330311,2.0,0.0
0.3992906960824676,2.0,0.0
0.3993156517509728,,
0.3993655724475287,,
0.3993905374767497,1.6666666666666667,0.2222222222222222
0.3994155056273796,,
0.39946545129520844,2.1666666666666665,0.13888888888888884
0.3995154094557006,,
0.39954039322216023,2.0,0.0
0.39956538011354376,,
0.39961536327342784,1.6666666666666667,0.2222222222222222
0.39969036146484604,,
0.3997403759003669,,
0.39976538781226156,,
0.3997904028543623,,
0.39984044233153293,1.0,0.0
0.3999405588742137,2.0,0.0
0.3999655958442196,2.3333333333333335,0.22222222222222224
0.3999906359491369,,
0.4000156791895545,2.0,0.0
0.40006577507924634,,
0.40016600451055767,1.0,0.0
0.40019106971597646,,
0.4002161380616114,1.6666666666666667,0.2222222222222222
0.40024120954805265,,
0.400316442858118,,
0.40034152691368907,,
0.40036661411301944,,
0.4005172033610559,1.6666666666666667,0.2222222222222222
0.40056742495395387,,
0.4006176591431881,2.0,0.0
0.4006427809629124,,
0.4006679059334983,,
0.4006930340555387,2.0,0.0
0.40074329975635475,,
0.40079357807010624,,
0.40081872195831647,,
0.4008690192003742,,
0.4009193290672417,,
0.40094448873646465,2.0,0.0
0.4009948175494611,,
0.40101998669442407,,
0.4010451589991566,,
0.401095513090311,,
0.4011206948779234,,
0.40114587982768657,,
0.40117106794019614,,
0.401221453655838,,
0.4012466512601623,,
0.4012718520296171,,
0.4013474733347298,,
0.4014231231474971,,
0.40147357220155616,2.6666666666666665,0.22222222222222224
0.4014988014840422,,
0.40157450836050057,2.0,0.0
0.4015997503309802,,
0.4016249954749537,,
0.40165024379301967,,
0.40175126881818296,,
0.40180180039089136,2.0,0.0
0.4018523446767447,,
0.4019534714070817,,
0.40200405386116933,,
0.4020293498625449,,
0.4020546490476096,2.0,0.0
0.4020799514169644,,
0.4021052569712105,,
0.4021305657109494,2.0,0.0
0.4021811927493116,1.0,0.0
0.40220651104913846,,
0.402231832536865,1.0,0.0
0.4022571572130935,3.0,0.0
0.4022824850784262,,
0.4023584878150742,,
0.4023838284428495,1.0,0.0
0.4024091722627426,,
0.40243451927535673,,
0.4024852228811619,,
0.40251057947556,2.0,0.0
0.40256130225036635,,
0.4025866684319826,,
0.4026374103866627,,
0.40268816513396977,2.0,0.0
0.4027135473063702,,
0.4028405061800482,,
0.4028659075613572,2.0,0.0
0.40291671993539535,1.8333333333333333,0.13888888888888887
0.4029675451287016,2.0,0.0
0.4029929625340964,,
0.40306923399252814,,
0.4031200976727594,2.0,0.0
0.40314553432708006,,
0.4031709741916807,2.0,0.0
0.40332368082921305,,
0.403400077536025,,
0.4034255495368797,,
0.40350198484372646,3.0,0.0
0.4036039436522782,,
0.4036804465796148,2.0,0.0
0.4037314646455333,,
0.4037824956086434,,
0.4038080159281737,,
0.4038845962460057,3.0,0.0
0.4039101294737365,,
0.4039356659300477,,
0.4039867485308608,3.0,0.0
0.40401229467658806,1.6666666666666667,0.2222222222222222
0.40403784405334625,,
0.40411451157593703,,
0.4041400738829504,,
0.4041656394240615,2.0,0.0
0.40419120819988386,1.6666666666666667,0.2222222222222222
0.40421678021103147,1.0,0.0
0.4042423554581186,,
0.4043191006211596,,
0.40434468881814845,,
0.4043702802541496,,
0.4043958749297781,2.0,0.0
0.4044214728456491,,
0.4044982860408714,2.0,0.0
0.4045238969238676,,
0.4045495110501845,,
0.4046007490352456,,
0.404677630353152,2.0,0.0
0.40470326395233824,2.0,0.0
0.40475454089423907,2.0,0.0
0.4047801842381883,,
0.40483148067517194,3.0,0.0
0.404857133769442,2.3333333333333335,0.22222222222222224
0.4048827901150548,,
0.405011120634901,,
0.4050367965015572,2.0,0.0
0.4050881580025085,1.6666666666666667,0.2222222222222222
0.4051909200923113,2.0,0.0
0.40521661876168985,,
0.40526802588110145,2.0,0.0
0.40531944604552206,2.0,0.0
0.4053451610211625,2.0,0.0
0.40537087925991777,,
0.40552525725265404,2.0,0.0
0.4055767427166612,,
0.4057055135900155,,
0.4057312775776697,,
0.4057570448377724,,
0.40583436625900804,,
0.4058601466151419,,
0.40591171715473723,,
0.4059375073394475,,
0.4059633008015989,,
0.40598909754181634,1.0,0.0
0.4060407008589491,,
0.40609231729584716,,
0.40611813043577194,,
0.4062214158199112,3.0,0.0
0.40624724537518686,,
0.4062730782154117,,
0.40629891434121235,,
0.40635059645204885,2.0,0.0
0.40637644243833887,,
0.4064022917127132,1.0,0.0
0.40642814427579926,2.0,0.0
0.40647985927061736,,
0.40650572170360527,2.0,0.0
0.4065315874278165,2.0,0.0
0.4065833287524223,,
0.40660920435407394,,
0.40663508324946307,,
0.40666096543921865,2.0,0.0
0.4066868509239697,2.0,0.0
0.4067386317809756,,
0.4067904258255166,,
0.4068163277946873,,
0.40684223306263145,,
0.4068940534973611,2.0,0.0
0.4070236623568557,,
0.40707552902297317,3.0,0.0
0.4071274089094223,2.0,0.0
0.4071793020212583,,
0.40725716649767746,,
0.40730909269511434,,
0.4073350607596789,2.0,0.0
0.4073610321356519,1.0,0.0
0.40741298482435684,,
0.40743896613835623,,
0.40746495076629874,3.0,0.0
0.4074909387088185,,
0.4075169299665496,,
0.40756892243018394,,
0.40759492363735655,2.0,0.0
0.40764693600558694,,
0.407672947167915,,
0.4076989616498988,,
0.40775100057537583,,
0.4077770250201407,2.0,0.0
0.4078030527871044,2.0,0.0
0.40782908387690314,2.0,0.0
0.4078811560275513,2.0,0.0
0.407907197089674,2.0,0.0
0.40795928919070074,,
0.4080113945983501,,
0.4080374522937517,2.0,0.0
0.40808957767089704,,
0.4081156453539166,3.0,0.0
0.4081677907120401,,
0.4082199493971992,,
0.4082721214145034,2.3333333333333335,0.22222222222222224
0.4083243067690653,,
0.40840260981945564,2.0,0.0
0.40848094290745884,,
0.4085070606148059,2.0,0.0
0.40855930605036217,2.0,0.0
0.4085854337798532,,
0.4087684214981167,,
0.40879457598154484,2.0,0.0
0.40884689499043736,2.0,0.0
0.408873059517187,,
0.4088992273929961,1.5,0.25
0.4090039323996904,2.0,0.0
0.40903011703044584,,
0.40910869104281,,
0.4091348890891114,,
0.40916109049091026,,
0.4091872952488513,,
0.40921350336357937,2.0,0.0
0.40929214785493684,2.0,0.0
0.40939705421091654,,
0.40942328920317617,3.0,0.0
0.4094495275580341,,
0.4095807697939332,,
0.4096070283379641,1.0,0.0
0.4096332902491225,,
0.40965955552805616,1.2857142857142858,0.20408163265306126
0.4096858241754129,,
0.40976465033450254,,
0.40979093246203346,2.0,0.0
0.4098172179612292,,
0.40989609469529503,,
0.40994869605489664,,
0.41008025853758434,,
0.4101329071777869,,
0.4101592365677322,,
0.4101855693384414,,
0.4103699934495192,,
0.41050182652374484,2.0,0.0
0.4106073539855761,,
0.410633744329042,,
0.4106601380650189,2.0,0.0
0.41071293571712286,,
0.4107921576554725,,
0.41081857176026004,,
0.4108449892621416,,
0.4109242621569053,,
0.4110300069490198,,
0.4111093512653989,,
0.4111622644967864,,
0.4111887262205923,,
0.41121519135068313,2.0,0.0
0.4112416598877165,2.0,0.0
0.41126813183235045,,
0.41129460718524297,2.0,0.0
0.41134756811843703,,
0.41137405370005564,2.0,0.0
0.41140054269256693,,
0.4114535309129034,,
0.4115065327847201,,
0.41153303884158227,,
0.4115595483132932,,
0.41158606120051305,2.0,0.0
0.4116125775039018,,
0.4116656203618276,,
0.4117186768923549,,
0.4119044824972964,2.0,0.0
0.4119310398462646,,
0.4120107324444163,,
0.41206387797585065,,
0.4121170372196068,,
0.41219680180745577,,
0.4122765972778966,2.0,0.0
0.4124096584053424,1.0,0.0
0.41243628093832313,2.0,0.0
0.4124629069086872,,
0.4124895363171001,1.0,0.0
0.41256944517729327,2.0,0.0
0.4125960883445634,2.0,0.0
0.4127293558149589,2.0,0.0
0.4127560196405171,,
0.4127826869114591,,
0.41286270940326747,,
0.41291607497030725,,
0.41302284750246065,,
0.41307625447828045,,
0.41310296314596945,,
0.4131296752677377,2.0,0.0
0.4131563908442553,,
0.41323655830900746,,
0.4133167568906433,,
0.41339698660728336,,
0.41342373676818717,,
0.4135040080263778,,
0.41353077203984234,,
0.4135575395181283,,
0.41361108487185627,1.7,0.20999999999999996
0.41363786274864456,,
0.4136914289054367,1.8333333333333333,0.13888888888888887
0.41371821718678775,2.2,0.15999999999999998
0.413798602850749,,
0.41382540501428616,,
0.41385221065005595,,
0.4138790197587332,,
0.4139594679289597,2.0,0.0
0.41401311741936003,,
0.414039947379662,,
0.41406678081759973,,
0.4141204581290876,,
0.4142278545134572,,
0.4143084383642801,2.0,0.0
0.4143353066157954,2.0,0.0
0.4144159322835548,,
0.4144965893353811,,
0.4145503781479084,,
0.41457727778960246,,
0.4146041809224896,2.0,0.0
0.4146310875472493,,
0.4147926006632191,1.6666666666666667,0.2222222222222222
0.414819531750134,,
0.414900345997504,2.0,0.0
0.4150081473215696,1.0,0.0
0.4150351064061039,,
0.4150890350841713,,
0.415223918113704,,
0.41525090523954006,,
0.4152778958736148,2.0,0.0
0.41533188766921697,1.0,0.0
0.4153858935059856,,
0.4154939473249375,2.0,0.0
0.4156561334991584,2.0,0.0
0.41568317683900874,,
0.4157102236980652,,
0.41573727407701483,,
0.4157643279765448,,
0.4158184463400953,,
0.416035060755067,,
0.41606215342638475,,
0.41614345261613783,,
0.41617055940695435,,
0.41619766972937033,,
0.4163332743396041,,
0.4163604058661169,,
0.4164418216670293,,
0.41649611655903285,,
0.41655042561061184,2.0,0.0
0.4166590862146579,,
0.4167949917160652,,
0.41682218345613026,,
0.41684937874440947,,
0.4169037799683892,,
0.4169309859054793,2.0,0.0
0.4169581953935629,2.0,0.0
0.41703984517072873,,
0.41709429612322524,,
0.41712152693187726,,
0.4172032406958054,,
0.4173122421956606,1.0,0.0
0.41733950147074034,2.0,0.0
0.41736676430726183,2.0,0.0
0.4174213006674222,,
0.4174485741924576,1.0,0.0
0.4174758512817279,,
0.41755770394193603,2.0,0.0
0.41766689076391217,,
0.4176941963922309,2.0,0.0
0.41777613470316904,,
0.4178581051677936,2.0,0.0
0.4179674491701926,,
0.41802214263383697,,
0.41804949473372793,,
0.41810420967316037,2.0,0.0
0.41818630894197956,,
0.4183232127293632,1.6666666666666667,0.2222222222222222
0.41835060424407833,,
0.41848761564259934,,
0.4185698655670574,2.0,0.0
0.41862471681401936,,
0.4186795824387657,,
0.4188717254320831,1.6666666666666667,0.2222222222222222
0.4189541264272501,2.0,0.0
0.4190365598488597,,
0.4190640448652475,2.0,0.0
0.4190915334874099,2.0,0.0
0.4191740209956412,,
0.41922903070968265,,
0.4192565409814006,,
0.41936661818283977,,
0.4193941465153974,2.0,0.0
0.419449214024131,,
0.41947675320173095,,
0.41955939243601026,,
0.4196145033505559,,
0.41966962874511066,,
0.4196971968741749,2.0,0.0
0.41972476862538194,,
0.4197523439994458,2.0,0.0
0.41977992299708045,,
0.4198075056190002,,
0.41983509186591955,,
0.41991787236382283,2.0,0.0
0.42002829715439904,,
0.42005591242705875,1.0,0.0
0.42008353133115683,2.0,0.0
0.42011115386740955,,
0.42013878003653343,,
0.420194043276262,2.0,0.0
0.4202216803483007,1.8333333333333333,0.13888888888888887
0.4202493210560787,2.0,0.0
0.420332265001024,2.0,0.0
0.42044290787151645,,
0.4204705776910539,,
0.42052592825745827,2.0,0.0
0.420636673119729,,
0.42066436844980015,,
0.4207751862497079,2.0,0.0
0.42080289982319463,,
0.4208306170475276,,
0.4209415224677536,1.0,0.0
0.4209692579571433,,
0.42102473990217887,2.0,0.0
0.42119127351938584,,
0.421246814005114,,
0.4213301522036114,,
0.4213579389313173,,
0.42138572932433477,,
0.4214135233833892,,
0.421469122502511,2.0,0.0
0.4215247362944886,,
0.4215525486946136,,
0.4215803647651312,,
0.4216360079202511,2.0,0.0
0.4216916657656633,2.0,0.0
0.4217751800908083,,
0.4218308746874134,2.0,0.0
0.42185872750185305,,
0.42194230801846283,,
0.4219980467645683,1.0,0.0
0.42208168250086303,2.0,0.0
0.4221932483985703,2.0,0.0
0.42250035894825844,,
0.4225562452391246,,
0.4225841939291993,1.6666666666666667,0.2222222222222222
0.4226121463166797,,
0.42264010240229966,1.0,0.0
0.42266806218679304,,
0.4226960256708941,,
0.42277993832818717,,
0.42280791661806394,,
0.422835898611222,,
0.4228638843083966,,
0.4230879033186917,,
0.42314394516296205,,
0.42320000185570406,1.8333333333333333,0.13888888888888887
0.4232280357720962,,
0.42325607340281973,,
0.4233402085883623,,
0.4233963172972541,,
0.4234805082531692,,
0.4235366541607931,2.0,0.0
0.4236209009425516,,
0.4238176071652115,,
0.4239019657653639,2.0,0.0
0.423958223491411,,
0.4239863579544471,2.0,0.0
0.424014496151816,,
0.42404263808426124,,
0.4240707837525265,2.0,0.0
0.42409893315735575,2.0,0.0
0.42415524317968295,,
0.42418340379866976,,
0.4242397362560135,,
0.4243524460690465,,
0.42440882343666564,,
0.4245498324151481,,
0.4246627070797982,,
0.42471916692252637,2.0,0.0
0.4247474024741101,2.0,0.0
0.4249734221109195,,
0.42500169147978206,,
0.42502996460986986,2.0,0.0
0.4250582415019336,2.0,0.0
0.4251148065749926,2.0,0.0
0.4251430947574903,,
0.42519968241817946,,
0.4252562851448059,,
0.425284592159726,2.0,0.0
0.42536953581994436,2.0,0.0
0.425426183780501,2.0,0.0
0.42556786971395216,,
0.42562457051599256,2.0,0.0
0.4256812864291801,1.6666666666666667,0.2222222222222222
0.4257096500543419,,
0.4257380174595565,,
0.42585152489605843,,
0.42593669520103755,,
0.42599349433361544,,
0.4260787214415181,,
0.42624927800490786,2.0,0.0
0.4262777173749376,2.0,0.0
0.42630616054017245,1.0,0.0
0.4264199711683618,,
0.42661928605873156,,
0.4266477748257472,2.0,0.0
0.4266762673978605,,
0.4269614025671989,,
0.42698993704575045,,
0.42707556337002434,,
0.42724691908623535,,
0.42736123264318154,,
0.4274184123638991,,
0.4275042106400511,,
0.4275328177205276,,
0.4277331745340807,2.0,0.0
0.4278190992376834,2.0,0.0
0.4278764015547525,,
0.42796238381777507,2.0,0.0
0.4280197245270693,,
0.42810576440736825,,
0.4281631435474845,,
0.42827794798334656,,
0.42842154013381367,,
0.42850774165094324,,
0.42856522860313684,,
0.4285939778637931,2.0,0.0
0.42891047449084074,,
0.4289968728943506,,
0.42902568009774134,,
0.4290833061125295,,
0.42916977416642466,,
0.4292562770771005,,
0.42940052611167173,,
0.4294293875531364,,
0.42945825287460937,,
0.4295159951607102,,
0.42966041883090544,,
0.42983385549082104,,
0.4299206263384405,,
0.4299495577399437,,
0.429978493035572,2.0,0.0
0.4301521866300117,,
0.4302101156834936,,
0.43026806034181186,,
0.43029703852475515,,
0.43035500660215303,,
0.4304419880088637,,
0.43047098962508856,,
0.43058703518099234,2.0,0.0
0.4306450814246134,,
0.4307321801399288,,
0.43079026552596345,,
0.4308193140941041,,
0.4309064833085293,2.0,0.0
0.43093554755264835,,
0.4310518437468333,2.0,0.0
0.43108092760377603,2.0,0.0
0.43119730228896297,2.0,0.0
0.43128462454540056,,
0.43160510896545057,,
0.43163426753246614,,
0.43172176687719194,,
0.43175094120932317,,
0.4318093017042149,,
0.43186767797861053,1.6666666666666667,0.2222222222222222
0.43201368774194093,,
0.43204290154284314,,
0.4321013409992942,,
0.43213056665644667,,
0.4321597962672865,2.0,0.0
0.4321890298326161,,
0.43224750882995494,,
0.4323645143138366,,
0.43239377558307823,,
0.43245231000511464,,
0.4324815831595183,,
0.4325694264059285,2.0,0.0
0.4326573053440485,2.0,0.0
0.4326866062586729,1.0,0.0
0.43277453281958705,1.0,0.0
0.4328038496149278,2.0,0.0
0.4328331703824649,1.0,0.0
0.4328918238373578,2.0,0.0
0.432921156526329,,
0.4330678796187598,2.0,0.0
0.43309723617242163,,
0.4332147021979634,,
0.43330284354123866,,
0.4334792338703823,,
0.43365576786910776,,
0.43383244571301444,,
0.4339208386318639,,
0.4340682402347689,,
0.4340977325734179,,
0.43412722891999483,,
0.4341862336402014,2.0,0.0
0.4342747708004054,,
0.43430429121171665,,
0.4343928765308379,2.0,0.0
0.4344224130016702,,
0.43445195348943044,,
0.43459971621084037,,
0.43462928081738533,,
0.43474757947846787,,
0.4348067529614512,,
0.43483634574393,,
0.43489554339497405,,
0.4350139870644491,,
0.4350436080631597,,
0.4350732330960547,,
0.43513249526769493,,
0.43519177358596584,2.0,0.0
0.43522141880215015,2.0,0.0
0.4352510680574674,,
0.4354290484574091,,
0.4354587260097849,,
0.43554778294468366,2.0,0.0
0.4356071744743686,1.6666666666666667,0.2222222222222222
0.43581517244308077,,
0.43587463692287925,2.0,0.0
0.4360828904522261,,
0.43614242801662667,,
0.43617220289565567,2.0,0.0
0.4362317648515338,,
0.4363509375778967,,
0.4363807409340594,,
0.4364403598617094,,
0.43649999508202253,,
0.43652981880401504,,
0.4366491544570506,,
0.43667899856575515,,
0.4367386990235535,,
0.43676855537432074,1.0,0.0
0.4367984158074495,2.0,0.0
0.43685814892414115,,
0.4369178983803299,,
0.43700755321583884,,
0.43709724485294954,,
0.4371570597342158,2.0,0.0
0.43724681275770355,,
0.4372767386226517,,
0.4373066685842275,,
0.43742642941363574,,
0.4375162930915266,,
0.43754625585642815,2.0,0.0
0.43757622272553687,1.0,0.0
0.43760619369969617,,
0.4376361687797496,,
0.4378461093760666,,
0.4380262188410506,,
0.43808628826217527,,
0.4382365339197177,,
0.4382665954188204,,
0.43832673079140805,,
0.4383868826688324,,
0.43841696479898196,,
0.43850723596537844,1.5,0.25
0.43853733461566097,,
0.4386577705468976,2.0,0.0
0.43868788986649027,1.0,0.0
0.43877827264717834,2.0,0.0
0.43883854852775356,2.0,0.0
0.43889884097104925,2.0,0.0
0.4389591499838931,,
0.43898931070603026,,
0.4390496445860063,,
0.43917036211270033,,
0.43923074577310356,,
0.43926094383056474,2.0,0.0
0.4394119964247293,,
0.4397749468623048,2.0,0.0
0.439835496903178,,
0.4399263532338748,,
0.4399566470193888,,
0.4400172471085099,1.3333333333333333,0.22222222222222227
0.44004755341384144,,
0.44010817855035916,,
0.44013849738327115,,
0.4401688203937695,2.0,0.0
0.4402598144994187,,
0.44041155497453394,,
0.44047228045608855,,
0.44056340008382044,,
0.4405937816713029,,
0.44062416744934924,2.0,0.0
0.4406849515806017,,
0.4407153499355428,,
0.44074575248451736,1.0,0.0
0.4407761592283935,,
0.44083698530432375,,
0.4409282559016952,,
0.44108045757787806,,
0.4411109105230298,,
0.4413546855495692,2.0,0.0
0.44147667413042874,2.0,0.0
0.44165978349340274,,
0.4418430448143543,,
0.4418736031548215,,
0.44196530354285857,,
0.44221002408745597,,
0.44224063321212465,,
0.4422712465745233,,
0.4423018641755323,,
0.44233248601603187,,
0.4424550157905515,,
0.4424856588417178,,
0.4425776134674123,,
0.44260827350298326,,
0.44263893778686186,,
0.442700279103074,,
0.442761637423116,,
0.4429151076613909,,
0.4429458144769526,,
0.44306868432840246,,
0.4431608814604678,,
0.4432223675348987,,
0.4433453908830452,,
0.443376157391781,,
0.4434377032215133,,
0.4435300540101051,,
0.4436532482477303,,
0.4437148710337915,2.0,0.0
0.4437765109408602,,
0.4438690029189637,,
0.443961533459493,,
0.444239356696952,1.0,0.0
0.444270247410859,2.0,0.0
0.44433204172860175,,
0.44445568194890883,,
0.44451752786582927,,
0.44454845727912357,,
0.44461032901987224,,
0.44467221798549306,,
0.44473412418318,1.0,0.0
0.44476508374629753,,
0.44479604762013114,,
0.4450129155126812,,
0.44519897066514974,2.0,0.0
0.4452920565943382,,
0.44532309388830865,,
0.4453541355092405,,
0.4453851814580386,,
0.44578917304043847,,
0.4458202796745212,1.0,0.0
0.44585139065007423,,
0.4458825059680064,2.0,0.0
0.445913625629227,,
0.44603814772518596,,
0.4460692891164954,,
0.44613158494627214,2.0,0.0
0.44616273938656176,2.0,0.0
0.44638094236117964,,
0.44641213163887394,,
0.44656814342738266,,
0.44672426429978773,,
0.44684923961502054,,
0.4469117534985705,,
0.4469742848758615,,
0.44703683375423764,,
0.4470994001410472,,
0.4471306899024119,,
0.4471619840436425,,
0.4472245854693801,,
0.4472558927557273,2.0,0.0
0.44728720442562053,,
0.4473185204799807,2.0,0.0
0.44738116574578557,,
0.44741249495907315,,
0.44747516655102704,,
0.4475065089315377,,
0.4477260285925413,,
0.44778878805828176,,
0.447882960253457,,
0.4479771720667202,,
0.44800858481281564,,
0.4480400019646258,,
0.4481342798636153,,
0.4481657146475564,1.0,0.0
0.44819715384184944,,
0.4482285974474227,2.0,0.0
0.4483544160010922,,
0.4483858816769994,,
0.44844882628030913,,
0.4484803052095721,,
0.44854327632796714,2.0,0.0
0.44857476851896116,,
0.44866927163030645,,
0.44870078151664894,2.0,0.0
0.448921474705984,,
0.4489530200277959,,
0.44926871725023304,,
0.44942673241527603,,
0.44961649739729515,2.0,0.0
0.4496797880078522,2.0,0.0
0.4497114399954645,,
0.44974309643922034,,
0.44996481639661695,2.0,0.0
0.44999650852342327,,
0.45002820511485275,2.0,0.0
0.45009161169535494,,
0.45012332168631564,,
0.4501550361456749,,
0.4503136755015199,,
0.4503454167911161,1.6666666666666667,0.2222222222222222
0.45037716255572846,,
0.4506312898868362,,
0.4506630759692152,,
0.4506948665360866,2.0,0.0
0.4507902651531478,2.0,0.0
0.45107670347469386,,
0.4511404058759754,1.5,0.25
0.4511722638242754,1.0,0.0
0.451363506041368,,
0.4514591879603988,,
0.45158682697311026,,
0.4516506735483928,,
0.4516826036066146,,
0.4517145381798334,,
0.45174647726900685,,
0.45181036899904986,,
0.45193820669276114,,
0.45203413244768387,,
0.45206611674913777,,
0.4522261061732421,,
0.45225811764816054,2.0,0.0
0.45229013365535636,,
0.45241824302616934,,
0.45248232493028073,,
0.45254642499047765,2.0,0.0
0.4525784818315197,,
0.45261054321447747,1.6666666666666667,0.2222222222222222
0.45264260914031623,,
0.4527388341847764,1.0,0.0
0.4528030069465318,,
0.45283510014994427,,
0.4530277549468598,,
0.45315628257433604,,
0.4531884258771148,,
0.4532527261645548,,
0.45341355673944816,,
0.45347792093232764,,
0.4536389113899151,,
0.4536711231992874,,
0.4537677860806508,,
0.4538000161954374,,
0.45383225088901574,,
0.4538644901623616,,
0.45402575525977573,,
0.45421942471317817,,
0.45425171901994765,,
0.45431632141190104,,
0.4545102388856487,,
0.4546072597136448,,
0.4548661845376309,2.0,0.0
0.4551254044746805,,
0.4552875670217034,2.0,0.0
0.45532001339905676,2.0,0.0
0.4554173802848075,,
0.45544984516791875,2.0,0.0
0.45561223903697956,,
0.455644731708427,,
0.45567722901473245,,
0.4559373744391325,,
0.45600245721330124,,
0.456067558570602,,
0.45610011622041435,,
0.45619781706644513,,
0.45626297422092155,,
0.45655641189192253,,
0.45658903937794354,2.0,0.0
0.45671959596937334,,
0.45691557090864365,,
0.4570136214603408,,
0.4571771325950314,2.0,0.0
0.4572425698143251,,
0.45750450612356347,2.0,0.0
0.4575700370991595,,
0.45773394669834966,,
0.45789797377019736,2.0,0.0
0.45793079329239994,,
0.4579636175195731,,
0.4581935189339906,,
0.45825924745485325,,
0.4584894458568758,,
0.4585552593135408,,
0.4585881731277321,,
0.4586210916671857,,
0.4586869429259504,2.0,0.0
0.4587198756472978,,
0.45888461021443394,,
0.4589175713270769,1.0,0.0
0.4589835077597388,,
0.45914843176540165,,
0.4592144345587266,2.0,0.0
0.459445593845503,,
0.4597431408228801,,
0.45980931471864445,,
0.4598755076668512,,
0.4600410734458211,2.0,0.0
0.4602067584827173,,
0.46023990981238755,,
0.460405738128959,,
0.4604389181331482,,
0.46047210292004065,,
0.46080421406531297,,
0.4610369770540889,,
0.46113680462039436,,
0.4611700900834101,,
0.4613365895021708,,
0.4614032229375001,,
0.4616032387844494,2.0,0.0
0.4616699492749161,1.0,0.0
0.46213746314759957,,
0.46220432814986356,2.0,0.0
0.4622377679073625,,
0.46227121250383935,,
0.46240503930054017,,
0.4626729254845075,,
0.46273994553600084,2.0,0.0
0.46280698500656026,,
0.4629075806416145,,
0.46297466869678,,
0.4630082200170711,,
0.4630417762005772,1.0,0.0
0.4630753372483557,,
0.4631424739409615,,
0.46317604958790515,1.0,0.0
0.46324321548836744,1.0,0.0
0.46341121549398445,,
0.46347844962028034,,
0.46357933739773355,,
0.46368026910628957,1.0,0.0
0.4637475813323339,,
0.46391594743069736,,
0.4640170257836854,,
0.46405072835673766,,
0.4641855876210087,,
0.46438802355106584,,
0.46442178004038415,,
0.4644555414375955,2.0,0.0
0.46462442207952614,,
0.4647258094279578,2.0,0.0
0.4647596150444143,,
0.4648610614097471,,
0.4650979419098467,,
0.4651318016901255,,
0.46516566640084195,,
0.46523341061789586,,
0.4653350639486937,,
0.46547067084478827,,
0.4656063568004346,,
0.46567422944719855,,
0.46570817319160024,,
0.465742121884791,,
0.46604788299770694,,
0.46608188123836913,,
0.46611588443974344,2.0,0.0
0.4661498926029158,2.0,0.0
0.4662859748953119,,
0.4663880887667395,,
0.4664221366634227,2.0,0.0
0.46645618953169043,,
0.46652431018733587,,
0.466762889247192,,
0.46689932972928705,,
0.4672066126519608,,
0.467240780167878,,
0.4672749526816034,,
0.46730913019423376,,
0.4674116927365253,,
0.467445890255748,,
0.46748009277936375,,
0.46758273038755593,,
0.46775389325833255,,
0.46778814087095943,,
0.46785665114349473,,
0.46795945418703316,,
0.46799373190855287,2.0,0.0
0.4680965952095805,,
0.468165195868364,,
0.46830245752514577,2.0,0.0
0.4684741478234026,,
0.46854285919738664,,
0.46871472584664103,,
0.46874911430781835,,
0.46898997489653993,,
0.46902440375976834,2.0,0.0
0.46912772068548086,1.0,0.0
0.4691621697764403,,
0.46919662392711786,,
0.4692310831386284,,
0.4693000167486091,,
0.4694724394162366,,
0.46950693915458286,,
0.46974857937030834,,
0.4698522156210887,,
0.4699904684431046,,
0.4701288026501519,,
0.47019800029552283,2.0,0.0
0.4702326067576039,,
0.47054429430074857,,
0.4706482819900968,,
0.4706829547676119,2.0,0.0
0.47078700375916027,,
0.47082169697977627,2.0,0.0
0.4708563953139925,,
0.4709258073277485,,
0.4711689106206168,,
0.47134270955481844,,
0.4714122650347203,,
0.4716558709593654,,
0.47189972878466385,,
0.4719694487711874,,
0.4721787323934346,,
0.4722136310432789,,
0.4724231313232449,,
0.47245806611074204,,
0.4724930060653427,2.0,0.0
0.47252795118819346,2.0,0.0
0.4726328175777159,2.0,0.0
0.4727377305227942,,
0.4731578484792686,,
0.47319289201715037,,
0.47329805378291456,,
0.47333311809272216,2.0,0.0
0.4734032623010939,,
0.47350851760287294,2.0,0.0
0.4736840471541788,,
0.473719168682106,,
0.473754295418624,2.0,0.0
0.47378942736489166,,
0.4739300072706449,,
0.4741410336189658,,
0.47435224797799125,,
0.4744579257400538,,
0.4746694225865946,,
0.4747752417340837,2.0,0.0
0.4749517118655638,,
0.47509298245207937,,
0.4754111487473446,,
0.47590692201233253,2.0,0.0
0.4759423739582512,,
0.4759778311864385,,
0.4761551966027399,,
0.4763326942530056,,
0.47636820966414883,,
0.47668808684738967,,
0.4769727829798853,,
0.47711525860768905,,
0.47722217119925037,,
0.4772578193781702,2.0,0.0
0.4773647958768353,,
0.4775075058307596,,
0.4776503011375272,,
0.47775745367647976,,
0.4778289154151196,,
0.4778646543018372,,
0.47811497627894667,,
0.47836556064806557,,
0.4785805564056602,2.0,0.0
0.4786164078219765,2.0,0.0
0.47879574550476345,,
0.47883162917001904,,
0.4789034126388999,,
0.4790829655080657,1.0,0.0
0.4791188922396374,,
0.47915482435994927,,
0.4792267047716445,,
0.47944247546267177,,
0.47947845613625245,,
0.47965844054170903,,
0.4797664960588394,,
0.4798746002715611,,
0.48019920541266925,1.0,0.0
0.4802352997606407,,
0.48037973142974166,,
0.4804158529224426,,
0.48056039323170846,1.0,0.0
0.4806326960065872,,
0.4807411909718257,,
0.48103075049055594,,
0.481320659033868,,
0.48139319077874954,,
0.48179250644865124,,
0.48186518048235644,,
0.48201059434293203,,
0.48208333418966,,
0.48215609599392983,,
0.4821924851332501,,
0.48222887976568524,,
0.4825566788531393,1.6666666666666667,0.2222222222222222
0.4826295836240795,,
0.4827754592727493,2.0,0.0
0.4828119419644498,,
0.48306747527714833,,
0.48310400211837917,1.0,0.0
0.48328671921449046,,
0.4833232792204829,,
0.4834329924345917,,
0.4835427554692775,,
0.48361595852059375,,
0.48387234383638017,,
0.48394564672137286,,
0.4841290011378013,,
0.48423908049231196,,
0.4843492099170316,,
0.4843859308578896,1.0,0.0
0.4846798989542986,,
0.48486381027666114,,
0.48490060929079876,,
0.4850846881797558,,
0.48537950528113377,,
0.4855639480175987,1.0,0.0
0.48608113420690535,,
0.4861921031896784,,
0.4863401406725709,,
0.48637716413029564,,
0.48641419322539503,,
0.4864512279591567,,
0.48652531434781937,,
0.48659942330659284,,
0.48723026218375387,,
0.48730458607395044,,
0.48745330190093566,,
0.4876393243791455,,
0.4877137731309591,,
0.48778824461868714,,
0.48786273885274617,,
0.48797452287600734,,
0.48823555158303256,,
0.48842217170060115,,
0.48853421226606236,,
0.4886089345377458,,
0.48864630424593225,2.0,0.0
0.4887210608135519,,
0.4888332385627822,,
0.4889080523427888,,
0.4891326311449674,,
0.489207536601498,,
0.4892449979336522,,
0.4892824650034894,,
0.48958240827705474,,
0.48965745156465085,,
0.4896949818360975,2.0,0.0
0.4898076071769062,,
0.48995785490916904,,
0.4901081948462384,,
0.4903715118593571,,
0.49040915167451365,,
0.4906351119655632,,
0.4907104783422092,,
0.49086128057894624,,
0.49142761541539604,,
0.4918816250685629,,
0.4920710434392763,2.0,0.0
0.4921847645031634,,
0.49226060775218156,,
0.49229853814266944,,
0.49237441646235847,,
0.49279216567802264,,
0.4928301780326723,,
0.4931344881148166,,
0.49328678412720534,,
0.49362979433018345,,
0.49366793602345577,,
0.4939732818938893,,
0.49469999442629226,,
0.4952752269779507,,
0.49542884832626893,,
0.49546726855490997,,
0.4955825650027586,,
0.49577484503884256,,
0.4960442878894072,,
0.4961213253622895,,
0.49615985307257626,,
0.49635258141823835,,
0.4972023679389544,,
0.49743463313730646,,
0.49758959719747387,,
0.49762835329975574,,
0.49770588361888013,,
0.4980938978728903,,
0.4982881319619064,,
0.49852141292256275,,
0.49859922178988325,,
0.4991445646887159,,
0.4995348262717408,,
0.4996520237753627,,
0.5000039464717142,,
0.5000822188490579,,
0.5002388371449705,,
0.500356365260832,,
0.5003955535726475,,
0.5005523682243469,,
0.5015740640615138,,
0.50161344335523,,
0.5024418392588521,,
0.5026790265944583,,
0.5029560283409875,,
0.503630019550336,1.0,0.0
0.5038683302851391,,
0.5046643308069165,,
0.5048637240628656,,
0.5049036216228516,,
0.5053029443226482,,
0.5053828846713783,,
0.5055028426311863,,
0.5057028991622261,,
0.5061034876438184,,
0.5061836815097103,,
0.5066252024435465,,
0.5070272540286933,,
0.5079140176496991,,
0.5079543987927783,1.0,0.0
0.5080755807567049,,
0.5081159875946846,,
0.5082776792375151,1.0,0.0
0.5096562243152173,,
0.5104298496457269,,
0.5104706318324995,1.0,0.0
0.5107971240818328,,
0.511533260849925,,
0.5127237322859773,,
0.5134241745431986,,
0.5151629114671475,,
0.515329119859297,,
0.5157034811538916,,
0.5167044422171908,,
0.516871646955389,,
0.5170808051161835,,
0.5173320184627987,,
0.5178771523073327,,
0.5199845713368246,,
0.5200268946781348,,
0.5221518819888497,,
0.5233066121726239,,
0.5265411593881295,,
0.5275846761367105,,
0.5279334348054506,,
0.5288073520953124,,
0.5303436895505573,,
0.5304757911005947,,
0.5315349773723431,,
0.5325096206047312,,
0.533220700051374,,
0.5335769523981597,,
0.5346485713820556,,
0.5351411699485354,,
0.5362640950155753,,
0.5371658338671232,,
0.5372561745724491,,
0.5376630840709892,,
0.5377988575770677,,
0.5390239119223458,,
0.5397525072244288,,
0.5398437201534063,,
0.5403459428294624,,
0.5406660258962143,,
0.5414449515267427,,
0.5479460058332388,,
0.5486047078838712,,
0.5491233715526914,,
0.5508751877923405,,
0.5523038060179429,,
0.5548458904051726,,
0.5548940792092725,,
0.556053126894305,,
0.5577521106953788,,
0.5614279813721937,,
0.5740902532137266,,
0.583688144346388,,
